rating,date,content
5,1주 전,"너무나 유명한 명동교자입니다.
30년만에 본점을 방문했습니다.
주말에 방문했기 때문에 손님이 엄청 많았습니다.
하지만 엄청난 회전속도로 인해서 기다린 시간은 5분정도 였습니다.
대기하면서 선결제 주문을 받고 자리에 앉으면 1분안에 음식이 나옵니다.
유명한 음식점은 웨이팅이 엄청 길어서 가기가 망설여질때가 많습니다.
빠른 회전율로 대기시간이 짧아서 무엇보다 좋았습니다.
우선 결제하면 취소, 변경 안됩니다.
메뉴는 칼국수, 만두, 비빔국수, 여름철에 콩국수 입니다.
인공적인 맛이 아닌 자연스러운 맛으로 낸 음식이란 느낌을 받았습니다.
워낙 손님이 많아서 느긋한 마음으로 식사하기는 힘듭니다.
너무나 유명한 곳이기 때문에 한번 정도는 방문해볼만 합니다."
5,1달 전,"전반적으로 김치에 마늘향이 강하고 살짝 단맛이 있음.

칼국수는 불향이 나며 진한 감칠맛이 나는 국물이 특징임.

1층에서 인원수에 따라 안내를 해줌
계산은 선불이며 만두까지 추가하면 칼국수 2개 기준
35,000원 나옴 확실히 칼국수 치곤 비쌈

외국인들이 많으며 주변 직장인들도 자주 보임
식사만 하고 나가야하는 분위기며 가게 내부가 좁아
먹는데 불편할 수 있음"
5,3주 전,"대한민국에서 가장 인기있는 식당 중
하나인 명동교자에 혼밥하러 방문했어요

오픈20분전에 갔지만 앞뒤로 200명
정도 웨이팅 하고 있었는데 매장이
크다보니 금방 들어갔습니다

2층은 1인과 2인석으로 셋팅되어
있었는데 자리가 협소한 편이라서
편하게 먹을 수 있는 분위기는 아니었어

대표메뉴인 교자만두 칼국수를 주문하고
밥도 추가요청했어요

알싸한 마늘맛이 강한 김치는 묘한 중독성이
최고였고 칼국수와 조합이 좋았습니다

국물도 야채에 은은한 불향과 깊은
국물맛과 다진 고기도 많이 들어 있어
씹는맛도 있었어요

기본적으로 양이 조금 적지만 면사리와
공깃밥도 주문 하면 가격도 저렴했어요

음도  빨리 나와서 회전율이 좋고 직원들도
무심한척 하지만 빠르게 요청사항을 잘
들어주셨습니다"
5,1달 전,"사람이 많은데 오더를 기가막히게 잘해서 주말인데 얼마 안기다리고 먹었어요.
바쁘게  움직이지만  친절하셔서 좋았고
내부는 협소 했지만  크게 불편하진 않았어요.

들어오는 순서대로 음식이  바로 나왔어요
좌석에 앉은지  5분도 안되서 바로 나옴

제대로 만든 교자가 얼마나 맛있는지 처음 알았어요
그냥  인기 많은 곳이라고 안갔으면 후회할뻔 한 식당

일단 교자는 먹자마지 육즙이 느껴지지만 속  자체가 기름지지 않고 단백해서 맛있었고 칼국수는 국물이 아주
예술인곳입니다.
비빔면 시키지 말고 칼국수 강추
비빔면도 맛있지만 칼국수가 너무 맛있어요
더 맛있는거 있는데 덜맛있는 먹는 느낌임

추후 재방문 의사 백프로인 식당이었음"
5,1달 전,"1년동안 먹어본 칼국수중에서 가장 맛있는 칼국수였습니다. 국물이 진짜 남달랐는데 약간 불향이 나는듯한 육수에 고기고명과 야채, 거기에 얇은피의 만두까지 들어가서 좋았어요!
김치도 아삭하고 시원하고 양념에 마늘이 많이 들어갔는지 매콤달큰한게 최고였어요.
밥이랑, 면사리, 육수 1번씩 추가가 가능해서 배불리 먹을 수 있어 좋았고 요즘 물가에 특히 명동에서 나름 가성비 있는 식당인거 같아요~
점심시간엔 워낙 손님이 많아서 웨이팅 있지만 10분도 안기다려서 바로 식사가 가능합니다~
혼자 오신 분들은 앞에 가림막 놓고 합석해서 먹어야 해요! 그래도 가림막 있어서 불편하지 않게 혼밥 가능입니다!
아쉬웠던건 손님 응대 였습니다. 직원들도 제법 많았지만 아무래도 여기저기서 부르다보니 손님 다 챙기지 못하는건 인정하지만.. 저보다 늦게 오신 분들 음식이 더 빨리 나오고 그분들 식사 하고 가는동안에도 제 음식은 잊었더라고여…
결국 웨이팅은 없이 들어왔지만 음식 나오는데 꽤 오랜시간 자리에 앉아 있었습니다..
결제는 선불이고 카드 현금 가능합니다~
1층은 혼밥이나 두세명정도 받는것같고 윗층?에는 단체석이 있는거 같아요."
5,3달 전,"since1966.

5년만에 재방문.

이 집 만두 맛집. 한 입에 들어갈 만두는 속이 비칠 정도로 얇은 피. 잘게 다져진 고기에 육즙이 느껴지고, 참기름의 진한 고소함이 있다.

칼국수는 얇게 눌러 빚은 만두가 들어있는데, 완탕 느낌과 비슷. 구운 양파, 표고버섯 등이 들어간 불향 나는 국물. 구수하고 단 맛이 난다. 일반적인 해물, 사골 칼국수와 전혀 다른 칼국수.

면발은 쫄깃 아니고, 부들부들한 면. 고기 맛이 진한 만두와 칼국수와 딱 어울리는 알싸한 마늘 맛 진한 배추김치도 치트키. 밥 말아 먹고 나오는 것도 잊지 말자.

맛있게 잘먹고 갑니다."
4,2달 전,"명동교자 본점은 미쉐린 가이드에 선정된 맛집이라는 명성이 있어 방문하게 되었는데, 유명세에 걸맞게 웨이팅이 많습니다.
1966년에 개업하여 명동의 대표적인 칼국수 전문점으로 오랜 전통을 자랑하고, 주요 메뉴는 칼국수, 비빔국수, 만두, 콩 국수입니다. 콩 국수는 계절 메뉴로 여름만 판매하여 먹지 못하였고, 대신 칼국수, 비빔국수, 만두를 주문, 개인적으로는 진한 국물과 쫄깃한 면발 그리고 불향에 샤워한 돼지고기 고명이 올려진 칼국수와 만두를 추천합니다.
이곳은 음식 서비스가 다소 빠르게 진행되므로 여유로운 식사는 어려울 듯 하고, 유명한 곳인 만큼 외국인 손님도 많습니다.
전반적으로 명동교자 본점은 한국 전통 음식을 경험하고자 하는 관광객과 현지인 모두에게 추천할 만한 곳입니다. 깊은 맛의 칼국수와 함께 한국의 음식 문화를 느껴보실 수 있습니다."
5,4주 전,"이것이 바로 코리안 패스트푸드다
자리에 앉아서 주문을 하면 정말 1분도 걸리지 않고 나온다. 어자피 손님이 멈추지 않고 들어오기 때문에
계속해서 멈추지 않고 만들고 있는것 같다.
칼국수는 오래전에 먹었을때와 다른것 없이 맛있다.
개인적으로는 간이 조금 부족한 느낌인데 국수 전용 양념장을 추가하거나 마늘김치가 정말 맛이 쎄기 때문에 같이 먹으면 좋다.
얇은만두 4개, 부추 조금, 고기 고명, 양파가 들어있다. 면도 쫄깃쫄깃해서 맛있다.
양은 여자들에겐 조금 많을수 있고 남자들에겐 많진 않다.
웨이팅이 있더라도 테이블 회전이 빨라서 근처에 간다면 한번 먹어볼만 하다."
3,3달 전,"오랜만에 명동교자를 방문했습니다. 명동교자는 더 이상 우리나라 식당보다는 외국인들을 위한 식당으로 변한 것 같아요. 이곳에서 칼국수 콩국수 비빔국수 모두 먹어봤는데, 제 개인적으로 콩국수를 좋아해서 많이 먹어봤습니다.
오랜만에 방문한 만큼 이곳에 클래식 메뉴인 명동교자 칼국수를 주문했어요. 칼국수 국물 내 교자와 고기들이 적당히 잘 들어가 있습니다. 오랜만에 먹은 명동교자 국물은 역시나 맛있습니다.
김치랑 먹으니까 맛있습니다. 김치가 조금 자극적이긴 한 거 같은데 그래서 칼국수 면이랑 잘 어울리는 것 같아요.
음식이 정말 빨리 나오는데 면은 조금 불어서 나오는 느낌이었습니다.
그리고 워낙 사람이 많아서 좋은 테이블에 빽빽하게 앉아 있는 것이 조금 힘들었네요.
외국인분들께서 명동교다가 대표 칼국수 음식 전문점이 있긴 했지만 이러한 내부 분위기가 한국대표 음식점에 분위기로 느껴질까봐 매우 아쉽습니다
오랜만에 추억이 깃든 곳을 방문하니 새롭네요"
5,3주 전,"학생때 명동가면 명동교자 한번씩은 꼭 다녀온듯
아주 오랜만에 방문
시간이 지나도 맛은 변하지 않았음
국물이 진하고 강한것이 내 스타일
(아이들도 좋아함)
김치도 첫맛은 맵고 맛있다.(초딩 저학년은 맵다고함)
김치랑 칼국수랑 잘어울린다.
사리는 인원수대로 주문시 1회 무료
외국인 여행객도 많이 있음"
5,3달 전,"휴일 2시반쯤 지나갈때는 줄이 꽤나 길었는데 한시간 뒤 가니 운좋게 줄이 없어서 바로 입장 가능했어요. 주문하고 선결제하였습니다.
제일 유명한 칼국수는 얇은 만두피로 삼각형으로 모양낸 만두 네개가 들어가 있고, 식감을 돋구워줄 고기고명이 가득 올라가 있었어요. 고기와 같이 볶아낸 듯한 캐러멜라이징 된 양파도 가득 있었습니다. 국물도 깔끔하고 사리면도 적당하게 익혀져서 흠 잡을만한 게 하나도 없었어요. 또한 갓 담근 배추김치와도 엄청 잘 어울리는데 김치가 시원하고 짜지않았습니다. 김치 필요히시면 더 주십니다. 또한 양이 부족하면 주문한 국수 하나당 면이나 밥 사리를 하나씩 무료로 추가할 수 있어서 든든하게 먹을 수 있었어요.
비빔국수는 빨간양념을 비벼서 주시는데 먹기편하게 서빙하며 바로 잘라주셨어요. 클로렐라면을 사용하여 더부룩함이 덜 하고 고기고명과 오이, 무채고명이 가득 올라갔어요. 면을 클로렐라면을 사용하여서인지 달달한 소스라도 단맛이 크지않고 담백한 맛이 좋았는데 다만 간은 조금 세서 김치까지 같이 먹으면 조금 짰어요.
만두는 예쁘게 빚은 10알이 나오는데 비주얼뿐만 아니라 맛도 좋았어요. 만두피가 얇아서 제 입맛에 잘 맞았어요. 양이 많아서 남은 만두는 싸왔습니다.
콩국수는 4~10월까지만 판매하고 있었습니다. 사람도 엄청 많았고 정신없는 상태에 친절하게 서빙하시는 분도 있으셨고 계산하시는 분은 조금 불친절하셨어요. 무튼 모든 메뉴가 다 맛있어서 좋았습니다."
5,2달 전,"명동교자는 추억이 있는 곳 이다.
혼밥이 가능하기에 더욱더 부담없이 방문할 수 있는 명동교자다.

요즘의 명동교자는 미쉐린에 선정된 집으로도 유명하지만 정말 오래도록 한 자리를 지키고 있는 곳이기에 추억이 있는 곳으로도 유명할 거 같다.
거기에 명동교자를 대체할 만한 칼국수를 아직은 만나본 적이 없기에 앞으로도 꾸준히 찾게 될 그런 곳이지 않을까싶다.
예전과 달라진게 있다면 내 입맛이 변해
마늘김치가 맵게 느껴졌다.
어릴때와 지금의 내 입맛 차이겠지만
여전히 맛있는 맛 임에는 틀림없다.
맵지만 자꾸 손이 간다.
이번엔 혼밥으로 이용해봤는데 합석이 자연스러운 곳이라 2인테이블을 이용했다.
김치도 따로 칼국수도 따로 나오니 불편함은 없다."
4,3달 전,"엘에이 거주중인데.. 엘에이도 명동교자 가 있어요. 한국 본점은6년만에 다시 와봤어요.
확실히 김치 부터 엘에이와 많이 다르네요.
특히 칼국수 고명위 만두 엘에이는 기성품사용해서 뻑뻑한데, 역시 본점은 부들부들..
그리고 바빔국수 어찌 간이 완벽한지.. 복잡한 명동 오길 잘했네요~
다만 너무나 바쁜 이곳이니 모든분들이  지치고 화나계셨지만.. 이해합니다 ㅎㅎ"
5,1달 전,"명동에 방문 할때마다   거의매번 방문 하는 칼국수맛집인데  위생 논란이  있었더라구요
맛은 그렇듯이   좋아요  밥추가  면추가 해서 맛있게  먹고  왔어요"
4,1달 전,"칼국수는 정말 맛있습니다
다른 칼국수 다 제끼고 여기가 최고냐 하면 그건 또 아니지만 여기만의 유니크한 맛이 있지요
마늘맛나는 깊고 진한 칼국수에 김치 역시도 마늘 맛이 쎈 달달한 김치구요

일단은 인기가 많은 곳이라 일반적인 서비스를 기대하긴 힘듭니다
뭐 고급 레스트랑도 아니고 이해하는 부분입니다
다만 추가 리필은 물론이고 주문조차 굉장히 적극적으로 하지않으면 오랫동안 기다려야 할 수도 있습니다

미쉐린 때문인지는 모르겠지만 외국인분들에게 특히나 인기가 많은데 김치 맛이 맛없다는 건 아니지만 일반적인 김치맛은 아니라고 말씀드리고싶네요
마늘맛이 쎄기때문에 호불호가 꽤 있을 것 같아서요
특히나 외국분들이라면 특히나 많은 양의 마늘맛에 익숙치 않으니깐요"
3,3달 전,"칼국수는 옛날 맛이 아니네요. 양이 너무 적어요. 만두도 그냥그냥..
김치는 맛있었지만...
관광객 위주로 너무 정신없고 친절은 기대 안하지만 김치 리필도 어렵네요.
정신이 하나도 없어서 다시는 안갑니다."
2,1달 전,"1인용 테이블에 칸막이를 세워 2명 앉히는 거 보고 진짜 놀랐다. 덩치 있는 서양 사람들은 앉을 수 없을 듯.. 면은 불어있고, 국물은 짠맛이 강하다. 추운 날씨라 생각나서 왔는데, 추억 보정이 된 것 같다. 더 맛있는 국수집들이 많기 때문에 굳이 또 올 것 같지는 않다. 대신에 여기는 김치가 맛이 좋고 킥 역할을 한다. 명동교자 본점은 특이하게 이태원 분점이 양이나 맛 그리고 분위기가 훨씬 나은 것 같다. 명동역 앞에 건물을 통으로 쓰는 준비를 하는 것 같은데, 위생이나 서비스에 더 신경 쓰기를 진심으로 바란다. 외국인들이 많이 찾는 간판 음식점인데 부디 좋은 인상을 주기를 바란다."
5,5달 전,"명동성당 미사 보러가기 전에 가볍게 식사하기 위해서 방문.

더운 여름에는 고소한 콩국수와 매콤한 비빔면도 맛나고, 육즙이 진한 교자만두와 진한 국물의 칼국수도 상당히 맛나다.

분명히 먹고나서 한두달 지나면 맛이 생각나서
다시 와보고싶다고 생각나는 메뉴들.

콩국수는 진주회관 보다는 가격은 저렴하고,
국물도 조금 더 묽은 느낌은 어쩔 수 없음.
면이 특별한 면이라 색깔도 검은색임(비빔면도)
비빔면은 맵지리인 초6  신군도 쓱싹  비운 것을
보면 매콤함과 달콤함의 중심을 잘 잡은 양념인듯.

명동교자 특유의 만두 육즙이 넘친듯한 칼국수의 진한 국물, 쫄깃함이 느껴지는 만두소의 육질.

김치는 달달함보다는 매콤함이 강조되어
신군은 맵다고 국물에 행궈서 먹거나 물을 벌컥마심.

서빙해주시는 분들 약간의 유머러스함도 있어서
비빔면 싹 비운 신군을 보며 ""매울텐데 다먹은거? 오~남자네~^.^""하며 칭찬?하는 멘트.ㅎㅎ

셋이서 네개의 메뉴를 하나씩 주문해서 다먹었으니..
양은 그렇게 많지는 않은편...다음에는 면추가 해야할듯.ㅋ"
5,4달 전,"올해 방문한 식당들 중 제일 불친절하다. 옆 손님들에게 그 자리에 앉지 말라고 소리를 지르던데, 내가 당했다면 불쾌해서 바로 나갔을 것 같다.

손님은 아주 많은데, 그만큼 매장도 넓다. 평일 오후 1시 조금 넘어서 갔고, 자리가 약간 남아 있어서 곧바로 착석했다.

외국인들도 종종 보이는데 영어 친화적이지는 않았다. 선불이라는 안내는 영어로 써 있었다.

다만 음식은 아주 맛있었다. 정석적인 칼국수는 아니었는데, 고기 향이 강한 국물과 부드러운 면이 마음에 들었다. 나처럼 쫄깃한 것보다 푹 익힌 면발을 좋아한다면 특히 추천한다.

만두는 평범했다. 칼국수에도 만두가 올려져 있으니까 칼국수만 시켜도 괜찮을 것 같다.

메뉴 수만큼 준 건지, 아니면 인원 수만큼 준 건지 김치도 두 개씩 줘서 마음에 들었다. 근데 김치가 정말 특이하다. 맛있긴 한데 마늘 향이 정말 강하다. 아래 이 김치를 먹고 온 가족 배탈 났다는 리뷰가 있는데, 나도 이 김치 때문인지는 모르겠지만 배가 아팠다."
5,4달 전,"칼국수 국물이 특이해요.
고기진한맛.
매콤헌게 취향이라 비빔을 먹었는데, 비빔도 먹을만합니다.  (그래도 칼국수추천)
조미료도 좀 쎈 느낌이었는데 맛있었어요."
5,6달 전,한달에 한번은 꼭 갑니다!!!! 그만큼 맛있어요. 칼국수 드실때 꼭 양념장 넣어서 드세요!! 양념장 있는거 잘 모르시더라구요. 저희는 왕창 넣어서 먹는데 정말 맛있어요. 그 맛에 빠지면 주마다 갑니다^^
5,5일 전,"외국인 관광객도 많이 방문하는 명동의 오래된 맛집. 밥, 국수가 부족하면 추가로 무료 제공 됩니다."
5,5달 전,"호랭이 담배피던 시절에 방문했던 집입니다. 10년전에 방문했을 때 이 맛이 아니었어요. 불맛이 더 해졌달까? 불맛의 정체는 양파를 마이야르 반응인가 뭐시긴가 그 반응이 나오도록 오래 볶았는지 갈빛이 돌아요. 당장 옛날 블로그 글을 찾아봤어요. 갈빛 양파가 없었군요! 역시 바뀐게 맞았어요. 그래서 별로였나? 는 아니고 더 맛있어요 젠장 불맛 사랑해요. 둘이서 칼국수 두개에 만두시키면 양이 많아요. 사실 서울 중심지 맛집 치고 양심없는 단가는 아니라서 만두까지 시켰다가 굴러다닐 뻔 했습니다. 김치? 칼국수와 먹기에 너무 맛있어요. 추가 면과 밥도 무료로 가능한데, 알고만 계세요. 배부릅니다.

★★★☆☆: 재방문 의사 없고 그냥 그저그런
★★★★☆: 전반적으로 좋으나 가성비가 떨어지거나 서비스가 부족하거나 무언가 조금 아쉬운 집
★★★★★: 나무랄 것 없고 타지에서 누군가 놀러온다면 같이 가고싶은 집"
4,6달 전,"상    호 : 명동교자 본점
주    소 : 서울특별시 중구 명동10길 29
법적분류 : 일반음식점
서비스 분류 : 한식당
운영방식 : 자영업 / 체인점
개업년도 : 1966년
영업시간 : 10:30 ~ 21:00
전화번호 : 02-776-5348
웹사이트 : http://www.mdkj.co.kr/
종합평가 : [ 음 식 : 4/5 ] [ 서비스 : 4/5 ] [ 분위기 : 4/5 ]
주    차 : 주차장 없음, 공유주차장 이용

내    용

명동교자는 창업 이래 ""음식의 맛은 정성이 과학을 앞선다.""는 신념을 지켜오고 있습니다. 이러한 신념을 지키기 위하여 명동교자는 가격에 상관없이 최고의 음식 재료, 신선한 음식 재료만을 매일매일 구입하여 사용하고 있으며 남은 음식은 100% 완전히 폐기합니다.(출처 : 명동교자 웹사이트 http://www.mdkj.co.kr/info/info.php)

# 리   뷰 # (주관적인 경험이므로 참고만 하시길 바랍니다.!)

- 구글리뷰 12,000개가 넘는다. 필자가 알기로는 국내에서 구글 리뷰가 제일 많은 식당이다. (필자는 네이버 리뷰는 별로 신뢰하지 않는다. 미안 네이버)

- 미슐랭 8년 연속 및 서울미래유산으로 지정되어 있다.

- 국내산재료 사용 모범업소로 선정(2010 서울특별시), 위생등급 AAA(2010 서울특별시), 세스코 멤버스

- 메뉴판은 별도로 없고 사진 4개 걸려있다.

- 칼국수 : 신선한 닭으로 추출한 기본 육수와 밀의 속살만 뽑아낸 최상급 밀가루로 만든 부드러운 식감의 제물국수(제물국수는 국수를 삶은 국물(제물) 그대로 국수와 함께 먹는 것, 경북 안동지역의 향토음식)

- 만두 : 얇고 투명한 만두피 최상급 암퇘지를 꽉채우고 직접 짠 참기름향이 맛을 돋우는 육즙 고기만두

- 비빔국수 : 크롤렐라를 넣어 건강한 국수에 명동교자만의 비법장과 직접 볶아 짠 참기름 향이 더한 국수

- 콩국수 : 맷돌에 갈은 걸쭉한 국내산 서리태 콩물과 클로렐라 국수가 어우러진 음식

- 김치는 마늘 갈아넣은게 한 김치의 20프로는 되지않을까 할정도로 양념맛이 강하다.

- 칼국수는 닭육수베이스인데 닭보다는 돼지고기향이 많이 났다. 면은 부드러워서 식감이 좋았다.

- 만두는 육즙이 가득하다고 써있는데, 필자가 먹은 만두에는 육즙은 별로 없었다. 맛은 있었다.

- 일찍 갔는데 사람(외국인, 주로 일본인)이 많았다.

- 구글리뷰에 불친절하다고 써있는데, 아침에 한산해서인지 종업원분들 친절하셨다."
1,3달 전,"장사 제대로 합시다.
대한민국 대표 칼국수 맞습니까?
외국인들에게 쪽팔릴까 두렵다.

1. 물컵에서 쉰내가 심하게 났다. 구역질이 났다.
다른 컵은 괜찮나 보니 똑 같았다.

2. 두 명이 가서 칼국수를 시켰다. 김치 리필을  요청했는데 오지 않았다. 지나가는 여종업원에게 다시 요청했다. 또 오지 않았다.
고의로 무시하는지 끝까지 기다려도 오지 않았다. 화가 났다. 큰 소리로 김치 안 주냐고 했더니 그제서야 리필해 주었다.

사장에게 묻는다.
미슐랭 조사관들이 와도 이렇게 응대하는지?
아니면 이렇게 대충 서비스해도 미슐랭 맛집으로 선정되는지?

돈 벌었다고 장사 이렇게 하지 맙시다.
손님이 돼지도 아니고 이게 뭡니까!"
5,5달 전,"맛잇고 빠르고 깔끔하고 김치가 맛있습니다

미쉐린 받으려면 이정도 해맛잇고 빠르고 깔끔하고 김치가 맛있습니다

매년 오는것 같습니다 ㅎ 특히 명동 갈일 있을때"
2,3달 전,"관광객들이 너무 많아 진짜 정신이 없어요
칼국수도 옛날맛이 아니고 양도 적어요. 만두도 그냥...
김치는 맛있는데 리필하기 어려울정도로 사람이 많아요 .
그 가격에 맛도 그냥. . 옛날맛도 안나고 다시는 안갑니다."
5,8달 전,명동에 아무리 핫프레이스가 많이 생겨도 난 명동교자 갈거 같다. 20년 전이나 지금이나 동일한 맛. 두 사람이 칼국수 하나 만두 하나 시켰다. 더 먹을수 있지만 명동엔 리스트를 가져 오기에 이 정도만 ㅎ 정말 또 먹고 싶은 그리운 맛.
5,1달 전,추운 겨울에는 이만한 곳이 없어요 뭐 빠지는거 없이 메뉴는 전부 맛있습니다 다만 미쉐린 식당이라 웨이팅은 항상 있습니다
1,2주 전,"오늘 5시경 4인 방문함. 분점만 10년 다니고 본점은 처음 방문해서 비교해봄.
기다려야하는건 이해가 됨. 워낙 유명한 곳이니.
이전 손님이 마시고 남은 비어있는 물통이 식탁에 그대로 있음.
주문이 누락되어 메니저에게 확인요청후 음식을 받았으나, 음식이 잘못나옴. 사과 한 마디없음.
칼국수와 비빔국수가 분점에 비해 싱겁다.
다시 갈 일 없음. 불친절한 직원."
4,2달 전,"20년 다녔는데
여전히맛있죠~^
교자 육즙이 많이 줄었고
손님미 많아져서인지
예전같은 김치를 다니면서주시거나
껌을주시거니 그런것들은 변했네요^;^;;"
4,7달 전,"진!짜! 마늘김치가 있는 찐한 칼국수집

음식: 칼국수는 양도 많고 고기가 잔뜩 들어가 국물도 매우 진하다. 1인 1메뉴를 시키며 면 리필도 된다 하니 가성비는 나쁘지 않음. 김치가,,, 마늘맛이 정말 많이 알싸하다. 호불호 갈릴 맛임(나는 그저 그랬음) 만두는 평범한데 피가 얇다. 칼국수 위에도 살짝 올라가 있었음

서비스: 줄이 길어도 빨리 주는 편. 2인은 2층, 그 이상은 그 위층에 대기시킨다. 금요일 저녁 7시반쯤 가니 웨이팅 없이 입장할 수 있었음.

분위기: 평범함."
4,4달 전,맛있어요~ 다소 어수선한 분위기에서 먹어야해서 그게 아쉬웠습니다. 주문하기도 매우 어려웠고 손님에 비해 직원이 많이 부족해보였어요. 장사가 매우 잘되시는거 같은데 그에 맞는 서비스가 필요해 보입니다!
4,1달 전,가격대비 최고의 맛이었습니다. 국물이 특히 맛있었네요. 마늘김치도 맛있습니다
5,11달 전,"@추천 맛집@

우리나라 대표 칼국수 집 입니다..

명동교자의 칼국수는 닭육수가 기본이며, 은은한 향이 느껴지는 고기 고명이 올라가 그 맛을 더해 줍니다. 칼국수에 더해지는 몇 개의 만두는 얇은 피가 부드럽고, 뜨끈하며 감칠맛 가득한 국물과 통통하며 부드러운 면발은 조화가 아주 좋습니다.
마늘이 많이 들어간 김치는 칼국수와 영혼의 단짝 정도 되는 맛이었습니다.

아주 맛있게 잘 먹었습니다."
5,3주 전,"기다려서 먹을만큼 맛있다.
만두에서 어떻게 이런 맛이!
김치도 일품."
4,10달 전,"명동맛집이라고 아직도 유명한 명동교자~
배고픈데 마땅히 갈만한곳중 젤 만만한곳

입구 가면 웨이팅이 엄청 많은데 생각보다
기다리는건 5-10분정도라 갈만해요

여기서는 칼국수,비빔국수, 만두가
유명한데 세개 다먹기엔 양이
너무 많아서 전 칼국수랑 비빔국수 먹었네요
이게 또 너무 별미라 둘다 조합이좋고 ~ 만두는
전에 먹었을때 크게 다르지않았던 기억(?)

칼국수는 다먹고 사리추가도 가능하고 밥도 말아먹으면 또 다른 취향저격
거기에 명동교자에서는 마늘김치와 꼭 같이
먹어줘야합니다
정말 야무지게 먹을수 있음!"
5,4달 전,"밥서비스도 가능하고, 면도 무료로 추가가능하고, 김치도 가능합니다! 맛은 맛대로 최고입니다!!

白ご飯、メン、キムチ おかわり 1回無料です！
(餃子だけ注文したらダメ)"
5,4달 전,"너무나 유명해서 소개가 필요 없겠으나 변하지 않은 맛과 잘 시스템화 된 운영이 훌륭하다.
중국식 울면 같은 칼국수와 같이 나오는 마늘범벅 겉절이로 수십년 간 가끔 방문해온 맛집이다.
칼국수와 비빔국수 시켰는데 만족함."
3,1년 전,"오랜전통이 있는 식당이라 줄선다는 얘기는 듣고갔는데 가게의 특성상 입장하는데까지 피로한 경로로 대기했습니다. 맛은 일반 칼국수나 만둣국의 육수베이스와 확연히달라요. 불맛낸 양파 볶음우동?느낌 나는 톡특한맛이었어요.
단것을싫어하고 맑은육수를 좋아하는편인 제입엔 양파베이스맛, 달큰하고 찐득한 느낌이 많아 조금 아쉬웠습니다.수많은 손님에게 바로바로 내어줘야하기에 계속 조리되는데로 착석하면 바로 음식이 나오는편인데 면발이 다소퍼져있었고 깔끔한육수베이스가 아니라 전체적으로 텁텁하다는 느낌이 있었어요. 만두는 평범한정도의맛...
김치얘기가 많던데 확실히 칼칼하고 깔끔하여 들큰한칼국수에 입맛을 돋우기 좋았고 일반김치나 겉절이양념과 차별이 있는 맛이었어요.아이들은 다소매워했지만 맛있다고하네요.
오랜시간 칼국수와추억을 함께 공유한 사람들에게는 향수가있는 음식일수있겠지만 처음접한 저에게는 한번쯤 먹어볼만한 정도였습니다."
5,3달 전,"역시 맛있습니다.
콩국수 국물이 매우 진해서 만족했고. 면도 추가로 제공이 가능합니다. 칼국수는 맛있었는데 제 기준에서는 면이 조금 불은 것 같아 약간 아쉬웠습니다.

정말 오랜만의 재방문입니다. 5년만이네요. 명동에서 우리나라를 대표하는 식당이라고 해도 과언이 아닐 정도의 유명한 식당이죠. 맛은 여전하지만 기대감이 컸던지 아쉬운 점이 많았습니다.

장점: 여전히 맛있음. 음식 나오는 속도가 빨라서 회전율이 빠른편임. 미슐랭

단점: 1.위생논란이 있었는데 서빙하며 그릇에 묻은 이물질 발견했으나, 이해함.
2. 하지만 직원들 사이의 약간 짜증섞인 말은 손님들에게 불쾌감을 주었습니다.
3. 가격이 점점 비싸지는데, 어느정도 선은 있어야할듯.
4. 앞치마가 없어서 비빔국수를 먹기에 좀 불편함. (외국인 여행객들이 옷이 더렵혀진다면 불쾌할듯)
5. 가격은 오르고 음식양이 줄어드는 것 같음.
6. 비빔국수가 약간 매운편이라서 메뉴판에 'cool'과 'spicy' 안내문을 붙여주셨으면 좋을듯."
4,2주 전,고기육수의 조금은 색다른 맛의 칼국수와 그래도 괜찮은 맛의 만두와 비빔국수. 대기가 좀 있었지만 그렇게 오래걸리지않았고  음식도 빠르게 나왔다. 하지만 빠른 자리회전을 위한 다소 부족한 직원들의 응대로 근처에 일이 있으면 가겠지만 굳이 찾아서 먹으러 갈 정도는 아닌것같다.
5,6달 전,"오래 살아남는 집은 다 이유가 있기 마련임
칼국수도 꽤 맛있고 닭 베이스의 묵직하고 약간 걸쭉한 육수가 매력이 있음
칼국수도 꽤 맛있는데 이 칼국수가 뒤로 밀리게하는게 명동교자의 김치임

굉장히 알싸하면서 매큼하면서 입맛을 돋궈주는 김치가 칼국수랑 너무 찰떡궁합이어서 이 김치때문에 명동교자를 주기적으로 방문하게 만들정도임

다른곳에서도 명동교자의 김치를 따라하긴 하는데 확실히 명동교자의 맛은 못따라옴"
4,8달 전,"24년 5월 5일 저녁 식사

칼국수 국물에서 자꾸 짜장면 맛이 난다..
이상하다 내가 알던 칼국수가 아니다 ㅎㅎ
그래도 맛은 좋았다

비빔국수도 맛있다
간이 쎈데도 짠 느낌이 적다

만두 제외 1인 1면
머야!

가장 인상적인 만두
소룡포 스타일의 고기만두
아주 맛있다
만두피도 얇고 최고였어

칼국수와 비빔국수 양이 적어
단품만 먹으면 허기질 듯 ㅎㅎ
마늘이 아주 많이 들어가 거북할 수도.."
4,1달 전,명동을 간다면 먹어야하는 음식이라고 생각하는 명동교자 칼국수예요. 걸죽한 국물과 쫀득한 면이 맛있었어요.
5,9달 전,서울에서 태어나 자란 나는 어렸을땐 부모님이 왜 이 음식을 좋아하시는지 몰랐습니다.  그랬었던 내가 가끔 명동에 갈때면 이젠.. 수많은 명동의 먹거리들을 뿌리치고 일부러 찾아가서 꼭 먹게되는 그런 곳입니다.  아무리 근처의 칼국수 맛집에 가도 이맛은 나지 않죠.  최고의 칼국수집.
4,1달 전,"1. 지인과 방문하여 칼국수 두개와 만두 한개 주문하여 먹었습니다.(2인 기준 거의 비슷한 조합입니다)
담백하고 부드러운 맛이 일품입니다.

※ 이 곳은 현장 주문만 되는 곳입니다.
(매장 내 식사든 포장이든)

2. 이 식당의 나름의 운영 가치(철학)가,
1) 빠른 회전율에 있는 것인지,
2) 더 많은 사람에게 맛보시게 하기,
에 있는 것인지.. 생각해 보았습니다.

3. 직원 분들과 운영시스템을 보니,
단지 1)번 빠른 회전율에 있어 보였습니다.
고객의 목소리에 귀 기울이거나,
눈 마주치거나.. 하는 모습보다는,
단지 빨리 주문하게 하고, 사전 결제하게 하고, 빨리 내어와서, 빨리 먹고 가시라..는 느낌이었습니다.

2)번의 가치로 삼으신다면,
운영의 방법은 비슷하겠지만,
직원 분들의 태도는 고객 분들이 느끼실만큼 달라지실거라 생각합니다.

외국인 분들도 많이 찾는 곳인데,
대한민국을 넘어 세계적으로 더욱 사랑 받는 명동교자가 되기를 기대합니다."
5,4주 전,"언제나 변함없는 맛...
들릴 때마다 맛 좋습니다~! 양은 좀 줄어든 것 갔네요.
외국인들이 점점 더 많아지는 것 같습니다."
4,6달 전,"콩국수 맛집.
개인적으로 원래 칼국수를 안좋아해서 잘 안가지만 콩국수 개시하면 무조건 갑니다. 콩국수나 콩물을 정말 좋아하는데 명동교자 콩국수를 제일 좋아합니다.
콩국수 좋아하시는 분들 꼭 드셔보세요.
몇년전까지는 콩물 리필이 됐었는데 이제 안돼서 너무 슬픕니다. 사리는 리필됩니다.
어느 시간대에 가도 대기는 있다고 봐야하는데 인원당 좌석 배치 시스템이 빡세게 굴러가고 있어서 생각보다는 오래 안걸립니다. 그래도 1인이나 2인만 방문하는게 빠르게 먹을 수 있습니다. 선결제니까 대기중에 메뉴 미리 골라두시고요. 절대 여유를 부리며 먹을 수 있는 곳은 아닙니다. 그릇이 비워지면 곧바로 치우니까요....
껌서비스도 없어졌습니다. 김치에 마늘이 엄청 많이 들었으니까 후처리? 잘 하시구요. 친절은 기대하지마세요."
4,7달 전,"맛있다고 소문난 집이라 명동 간 김에 들렀다. 평일 오후라 웨이팅은 없었다. 칼국수 콩국수 만두 시켰는데.. 개인적인 취향일 수도 있겠지만, 남들 다 가봤다는데 한번 가본 걸로만 만족함. 음식 자체는 그냥 평범하고... 상호에 교자가 들어갔음에도 불구하고 사실상 만두는 그닥... 콩국수도 더 맛있는 집 수두룩하고... 칼국수도..... 음.. 음.."
4,3년 전,"🍚맛 : ☝

🍚재방문의사 : ⭕

🍚평 : 평일 오픈 15분전에 방문하였음에도 대기줄이 있었고 1층은 코로나 방역수칙을 지키기위한 공간으로 사용중이라 영업장으로는 사용하지 않고 2층과 3층에서만 식사가 가능한 것으로 보였습니다.
우선 김치는 다른 분들 후기처럼 마늘향이 강하기에 저에게는 그다지 좋은 인상은 아니었고, 비빔국수 역시 소스에 고기덩어리가 있던 점은 좋았지만 맛이 일반적으로 알려진 비빔소스 맛과는 조금 차이가 있어 개인적으로는 좋게다가오지 않았습니다. 그러나 칼국수는 다른 분들 후기에 맞게 불향과 캬라멜라이징 된 것같은 양파와 고기 등 토핑이 많기에 면 뿐만 아니라 먹을 것이 많았고 국물 역시 깊은맛과 부드러운 면이 좋았습니다.
만두는 만두소도 많고 육즙도 많아 맛은 있지만 개인적으로는 대기업 만두보다 월등하게 나은점은 크게 느끼지 못하였습니다.

🍚총평 : 칼국수는 방문하셔서 충분히 경험하실만한 맛이라고 생각합니다.

2021년 6월 중 방문

📷 사진순서

1. 외부
2. 내부
3. 메뉴판
4. 물과 소스(식초,간장 등)들
5. 김치 ⭐⭐
6. 칼국수 ⭐⭐⭐⭐
7. 비빔국수 ⭐⭐
8. 만두 ⭐⭐⭐⭐
9. /단면
10. 포장만두
11. 칼국수, 만두 영수증
12. 비빔국수, 포장만두 영수증"
5,3달 전,"진한 국물맛, 육즙많은 만두 음식은 아주 맛있습니다
일단 대기는 어느정도 고려하세여"
4,3달 전,"약간 얇아 부드러운 면, 완탕식 만두가 좀 들어있다. 국물은 양파와 간 고기를 그을려서 맛을 냈는지 진하고 불향이 조금 난다. 이 곳 김치는 톡 쏘는 마늘맛으로 유명하고 먹고 나면 입냄새가 엄청 난다. 웨이팅이 많지만 음식이 금방 나오고 회전률이 빠른 편."
5,8달 전,"수식어가 필요없는 미슐랭 맛집 이지요~ 혹시 맛의 변화가 없는지 궁금하기도 하고 오랜만에 방문해 보았어요.

""칼국수""는 불향나는 고기 고명과 볶음 마늘 향이 더해진 진한 국물이 여전히 훌륭합니다. 요즘 같은 고물가에도 11,000 원의 가격이면, 가성비 역시 괜찮은 듯 해요. 요청하면, 무료로 면사리 추가나 밥 추가도 되고요. 5점 만점.

하지만, 밑반찬 김치가 맛은 있는데, 마늘을 과하게 넣었는지, 몇 조각 안먹었는데도, 속이 엄청 아리더라고요 ㅠㅠ 옛날에는 리필해 가며, 많이 먹었던 거 같은데... (리필을 못하게 하려고 일부러 마늘을 많이 넣었나...?)

어쨌든, 색다른 맛있는 것들을 많이 접하였어도 언제 먹어도 항상 맛있게 먹을 수 있는, 최고의 K-푸드 중에 하나인 듯 합니다."
5,4달 전,진짜 맛있어요. 30분정도 기다려서 4인가족 들어갔는데 너무 정신없고 사람들 기다리고있어서 먹자마자 일어났어요.
5,2년 전,"6년 만에 다시 찾은 명동칼국수 아니 이제는 교자가 되어있었다. 식당도 추가 지점을 오픈하여 전보다 더 엄청난 인기와 맛을 실감할 수 있었던 명동의 터줏대감 맛집! 일단 평일 점심시간에도 웨이팅은 미친듯이 붐볐고 그만큼 매장 관리 시스템 또한 효율적이고 전문적으로 업그레이드된 느낌을 받았다. 인원 규모에 맞추어 매장 층수를 나누었고 줄줄이 소세지처럼 마냥 서있는게 아니라 음식 특성상 회전율이 좋은건지 20분 정도 대기 후 입장 ! 칼국수는 주문하고 5분도 안지나서 나온다. 나같은 경우는 지인과 둘이서 방문했는데 4인테이블에 하필 칸막이 설치도 되어있지않아 합석하는 느낌으로 식사를 진행해야 했지만 어색함은 잠시 ... 음식에 대한 기대로 감내할만 했다.
​
✅명동칼국수 사실 한 그릇에 10,000원이라는 가격은 저렴한 게 아니지만 이곳의 역사와 한결같은 맛을 생각하면 크게 아깝지 않은 금액이다. 국물은 적당히 묽고 시원하고 면은 불지 않은 적당한 상태에 넉넉한 양 (밥과 면사리는 무한 리필 추가 가능) 전에도 그랬는지 조금 헷갈리지만 볶은양파의 맛이 굉장히 인상깊었다. 마치 햄버거 패티에 들어가는 양파를 그릴에 볶아두었다가 일반 칼국수에 툭 떨어트리고 그 위에 얋디 얇고 맛있게 빚은 교자를 올린 느낌. 여기에 겉절이 김치가 더해지는데 마늘마늘한 맛이 아주 신선하고 풍성해서 지인은 이 김치맛에 칼국수가 더욱 맛있다고 하더이다.
​"
5,2년 전,"57년 전통의 비법으로 만든 칼국수, 육즙가득 만두, 새콤달콤 비빔국수, 그리고 계절메뉴(4~10월) 콩국수까지 4가지 단출한 메뉴지만 오랜 시간동안 많은 분들에게 사랑을 받아온 곳입니다^^ 2017년부터 미쉐린 가이드 빕구르밍에 7년 연속 선정되는, 자타가 공인하는 맛집입니다! 찾는 손님들로 문전성시를 이루는 명동교자 본점에서 구수한 전통의 맛을 즐겨보세요~"
5,1달 전,"5살때부터 단골이었던 집이에요. 부드럽게 넘어가는 특별한 면발, 순하면서도 진한 국물, 개운한 고명, 무엇보다 4개의 완탕이 매력적입니다.
함께 먹었던 교자 역시 진하고 고급스러운 만두입니다.
가장 특징적인 것은 마늘이 듬뿍 들어간 진한 양념의 배추 겉절이 입니다. 몸이 안 좋을 때에도 보신이 될 정도로 애정하는 음식입니다."
5,9달 전,"운좋게 콩국수 개시하는 날 방문을 하게 됐는데 칼국수 시킨 일행들을 다 후회하게 만드는 맛이었습니다
콩국물이 단백하고 고소하고
개인적으로는 여의도 진주집보다 맛있었어요
그리고 만두도 넘 맛있었구요
사실 명동교자 칼국수는 면이 너무 불은거 같아서 안좋아하는데 콩국수는 강추입니다"
5,10달 전,"명동에서 유명한 칼국수집이라 명동 놀러간길에 찾아가봤는데 한번쯤은 먹어볼만한 곳이더라구요
우리가 흔히 아는 칼국수와는 좀 다른 느낌이지만
고기국물의 구수함이 느껴지고 만두는 촉촉함이 느껴지네요
바로바로 나오는게 장점이네요
매년 미쉐린가이드에 선정되는 곳이고 매장특성상  줄서서 들어가야하는 건 좀 감수해야한다"
5,1년 전,"명불허전 역시는 역시인집
22.12.05일 13:00
분점 웨이팅이 조금 더 길었어요
본점2인은 2층 바로 착석했지만 나올땐 입구까지 웨이팅이 있었음
인원수에 맞게 식사를 시키면 사리 공깃밥 제공이 가능
1인 1김치가 테이블당 1개로 바뀜
오늘 육수가 유난히 묽어진 느낌이라 감칠맛이 살짝아쉬였지만 여전히 맛있는건 맞음
다 먹고 난 다음에 밀려오는 매콤함 역시 여전"
5,7달 전,"명동대표하는 집
맛도 그대로네
칼국수지만 국물은 고기맛이
진한맛 중독성있는
외국인들이 더 많은집…"
5,1년 전,"오랜만에 찾아온 명동.
명동하면 명동교자 를 떠올리게 마련인데...
그 맛은 굉장했습니다

가격은 저렴하진 않치만. 가게 역사가 있는곳이며
매년 미슐랭 선정이 있는 곳이라...?

어쨋거나
명동칼국수와 만두를 주문했습니다

만두 11,000원(개당 1100원)
칼국수 10,000원

솔직히 큰 기대하지 않았는데
맛있어서 놀라웠다

칼국수를 먹는데 짬뽕 먹는 맛이 난다!
적절한 불맛 또한 일품이었다..
국물 건데기를 보기 탄 흔적이 있었고
양파를 태울정도로 불을 입힌 것 같다
국물을 한숟갈 떠먹으면 먹을수록 짬뽕국물 느낌을 지울수가 없다. 맵지 않는 짬뽕느낌. 그러면서도
짬뽕이 아닌 맛.. 맛있다!!

만두를 꼭 주문해서 드셔야 한다!
정말 맛있다

먹어보면, 중국식 소룡포 만두느낌이 난다!
맛있다...

가게안에는 외국인들과 손님들이 정말 북적북적
음식은 선불이고 주문하면 2-3분안에 나온다
정말 빨리 나온다!

..역시 미슐랭 선정은 괜히 된게 아니다"
3,2달 전,"칼국수, 비빔국수 모두 맛은 있어요.
사람이 너무 많아요.
식당 및 식탁 청결에 좀더 신경을 쓰면 좋겠어요.
내국인, 외국인 너무 많아서 쓰끄럽고 소란스러워요.
대기가 있어도 금방금방 대기 줄이 줄어들어서 대기에 많은 시간이 소요되지는 않아요.
점심 또는 저녁 시간을 피해서 방문하면 좋은 듯 합니다."
5,1달 전,"옛맛이 그대로 유지되고 있어서 좋았다..
칼국수 면발이 최고 국물도 맛있고 특이했다
김치 겉절이도 정말 맛있고 옛맛을 간직하고 있었다
여전히 손님이 많았다..1966년부터 시작하여 지금까지
와우 박수를 보낸다"
4,3주 전,"노포느낌으로 책상이 작습니다. 비빔면은 별로였습니다. 양념이 좀 쓴 느낌.
칼국수는 조개보다 고기베이스느낌이었습니다.
김치가 너무 간이 세요. 김치가 맛이없었습니다"
5,1년 전,"회전이 빠릅니다.
언제 먹어도 맛은 좋습니다.
칼국수가 메인이고 비빔국수는 많이 맵습니다.
특히 김치가 매운마늘맛이 나서 한국인들이 먹기에도 많이 맵습니다. 외국인분들은 참고하세요
하지만 맛있습니다. 1대사장님은 김치 냄새만 맡아도 그날그날 다른것을 느끼신다고 합니다.
직원은 친절한 분도 계시고 안친절한 분도 계세요
만두를 추가해서 드시면 배부르게 먹을수 있습니다.
숟가락 젓가락은 테이블 밑 왼쪽에 서랍식으로 되어있으니 없다고 종업윈을 찾지마세요"
4,1달 전,"칼국수가격은 11,000원으로 올랐지만,
추억에 불향나는 칼국수 진한국물맛과 마늘김치는 여전히 중독성 있네요.

그리고 여전히 사람이 많아서, 매장은 정신없지만, 평일 저녁 6시이후 방문 오래 기다리지않고 10분이내에 들어갈수 있었습니다."
3,1주 전,시간이 지나도 항상 동일한 맛은  놀랍습니다.  하지만 너무  많은 이용객으로 인하여  서비스 및  분위기는  최악입니다.
3,1년 전,"미슐랭으로 입소문이 자자한 명동교자집.
건물자체를 통으로 사용하고 있으며 2층부터
손님을 받아서 채워나가는 형식으로 운영된다.

메뉴를 주문하면 굉장히 빨리나오는 편인데
주문한지 10분안에 국수가 준비되는것을
볼수가 있으며 전체적인 로테이션이 빠르다.

맛은 고기향이 진한 고명과 함께 잘넘어 가지만
고명맛이 강해서 그런지 같이 들어간 만두와
교자가 특색없이 느껴질 정도로 밍밍해진다.
만약 시킨다면 칼국수만 시키는것을 추천.

생각보다 꽤나 사람들이 많은편인데 사람이
많은 만큼 정신이 없고 난잡한 분위기다.
개인적으로는 이외에도 명동에는 충분히
먹을것이 많기때문에 굳이 갈필요는 없다
생각하지만 만약 일찍 명동에 왔다면 그때
들여보는것을 추천한다."
4,1년 전,"회전율이 어마어마한 미쉐린 가이드에 매년 소개되는 가게. 심지어 가게에 음료도 팔지 않는다! 칼국수는 이미 만들어 둔건지 면이 퍼져있었고 국물도 조금 식은 느낌이었으나 평소 먹던 칼국수와 달리 고기 베이스의 국물이 재밌게 느껴졌다.

고기 가득한 만두는 너무나 맛있었음! 한번쯤 먹어볼만한 느낌."
4,3달 전,맛있음. 괜히 맛집으로 소문난게 아님. 선불로 자리에 앉기 전에 주문부터 하라고 함. 종업원은 바빠서 그런지 그닥 친절하지는 않게 느껴짐. 김치나 면사리 등 추가 주문은 제대로 들어갔는지 확인해야함.
5,5년 전,"언제나 명동에 들르면 꼭 먹는 칼국수
예전에 비해 양은 조금 줄어들은거 같지만 변함없이 너무 맛있습니다
마늘이 엄청 들어가 맵지만 계속 먹게 되는 김치는 이집만의 트레이드마크죠
칼국수 다 먹고 밥 달라고 해서 말아먹으면 깔끔한 마무리
항상 사람이 많아서 여유있게 식사를 할순 없지만 언제나 맛있게 먹고 갑니다"
4,3년 전,"우선 유명한만큼 사람도 많습니다.. 3층까지 있는듯 합니다..
코로나 QR체크인 하고, 테이블마다 아크릴로 칸막이 되어있습니다..

칼국수, 비빔국수를 시켰습니다..
선불이구요..
주문한지 5분도 안되어서음식이 나옵니다..

칼국수는 약간 불맛이 가미되어 있습니다.
맛은 뭐.. ^^
들어가 있는 교자에서 육향이 많이나고, 김치는 마늘향이 많이나면서, 단맛도 많이 납니다..

면 부족하면 추가로 면을 더 주십니다..
안시켜봤급니다만, 옆테이블을 보니 면만 주시는것 같습니다."
5,6달 전,"직원분들이 바쁘셔서 주문하는데 좀 해멨다
혼자 갔는데 1인 테이블 있는거 맘에 들었음.
칼국수랑 만두에 23000원 (명동치곤 꽤 합리적인 가격인듯)
칼국수 자체만으로도 양이 많아서 당황했지만 어찌 다 먹는데 성공.."
4,3주 전,"워낙 인기 많은 식당이라 혼잡하긴 합니다. 그래도 가끔 한번씩 생각나는 알싸한 마늘향 많이 나는 김치때문에 안갈수가 없어요ㅋㅋ
서버분들도 빠르시고, 리필도 잘해주시고 좋아요 식사 시간을 약간 빗겨서 가면 거의 기다리지 않고 먹을 수 있어요~!"
5,6일 전,명동 본점의 명동 칼국수입니다. 주문하면 바로나오고요. 옛날 맛이 좀 변화 되았지만(외극인 입맛에 맞게?) 그래도 맛있어요.
5,2년 전,"오랜 저에 단골집 입니다. 김치가 신의한수이며
칼국수와 정말 찰떡궁합이죠~
비빔국수는 처음 접하시면 그냥 그러네..라고
생각이 들지만 이상하게 방문할때마다 주문을
하는걸 보면 이것도 자연스레 입맛에 들었나봅니다^^ 칼국수면과 밥은 무료로 무한리필이라 배불리 먹을 수 있어서 정말 좋네요~😊👍"
3,3년 전,"뭔가 내가 생각한 일반 칼국수 국물이 아니라
볶은 야채 때문일까 고추가루 없는 짬뽕을 먹는 듯한 맛과 불향 그리고 후루룩 넘어가는 완당
이집은 칼국수보다는 김치가 더 유명하듯이
어느 테이블에서도 여기 김치 추가요를 말한다.
마늘이 많이 들어간 김치 은근히 매웠다.
서비스로 주는 공기밥을 남은 면 국물에 말아 마무리
그리고 센스있는 자일리톨 껌"
5,1년 전,"이 집은 어렸을때부터 먹던 맛이라 익숙하고 친숙한 맛이기도 하고..어린시절 부모님과 다녔던 추억과 젊은시절의 옛향수도 느끼게 되는 칼국수집이다 보니.. 가끔씩은 이 집을 찾게 되는거 같습니다.. ^^
명동에서 자주 다녔던 신정이나 장수갈비,영양센타등은 아예 없어지거나 자리를 옮겨 간신히 명맥을 유지하는 정돈데 그래도 이 집은 여전히 한결같은 맛이고 성업중이죠..^^﻿
오랜 세월 거의 변함없이 한결같은 맛을 유지하고 있는 곳이라 참 대단하기도 하고 한편으론 고맙기까지한 노포 칼국수집입니다..
예전같이 백김치까지는 안나오지만 알싸한 마늘김치와 먹는 이 집 칼국수는  어렸을때부터 수십년간을  먹어왔던 음식이라 그런지 식당 음식이라기보단 마치 집에서 가끔 해먹던 별미음식처럼 친숙한 맛이기도 하고 나의 쏘울푸드 같은 음식이기도 합니다...!
이 집이 계속 영업하는 동안은 추억과 옛향수를 느낄겸 계속 다니게 될 집입니다..

﻿"
4,2년 전,"저녁먹으러 다녀왔었어요.
국물이 진하고 면도 탱글했어요. 만두도 함께 먹기 참 좋은 곳이였어요
사람들이 줄을 서서 먹는곳엔 이유가 다 있겠죠?
면 요리를 좋아하신다면 추천드려요:)"
2,2달 전,"매번 한국 방문할대마다 왔는데
추억의 음식으로 남도록 하겠읍니다
기다리다 들어가 시장바닥 보다 못한
다른사람들과 같은테이블 바로 옆에 앉아
전혀 손님으로 대접받지 못하는 곳 입니다
외국손님들도 않이 오는데 아무리 장사가 잘된다고 해도
기본적인 것은 지키면서 했으면 좋겠읍니다
공짜로 먹는것도 아니고  얻어먹으러 간것 같은 나쁜 나의 기분은
나만 그런것 일까요 ?
이제 명동 칼국수 운영방식이 바뀌지 않는한 나는 나의 추억의 음식으로만 생각 하기로 했읍니다"
5,1년 전,"콩국수와 칼국수를 주문했고, 두 메뉴 모두 만족스러웠습니다. 총 가격은 22,000원이었습니다. 특히 칼국수 안에는 교자가 들어 있어서 국물의 맛이 만두국과 비슷했습니다. 사람들이 많아서 약 5분간 계단에서 대기했지만, 메뉴의 특성상 테이블 순환이 빠른 편이었습니다. 두 사람이서 배불리 먹었고, 면을 주문할 경우에는 면사리가 리필 가능하다는 점이 좋았습니다. 김치는 마늘김치로 매콤한 맛이었습니다."
5,7달 전,미슐랭 맛집. 1980년대부터 변함없는 칼국수와 생강가득한 김치. 콩국수도 맛있게 먹었습니다.
5,2년 전,"대기줄이 어마어마 하지만 회전율이 좋아서 금세 빠져요^^
너무 맛있습니다. 이곳과 집이.멀지만 이맛이 생각나 자주 옵니다.
밥 꼭 달라고 하세요~달라고 해야 줍니다.비빔국수 다먹고
밥에 비빔국수 양념 넣고 비벼 드셔 보세요
엄청맛있어요~♡
근처가시면 이곳 꼭 들르세요~!!!!
주차불가요!!"
5,1년 전,"유명한만큼 맛있어요.
일요일 저녁에 방문했는데 대기는 없었구요. 빈자리도 거의 없었어요.
칼국수 면발이 독특해요. 납작하면서 부드러워요.
국물은 양파를 구워서 향을 많이 냈구요. 그 맛이 매력적인것 같아요.
만두도 속이 꽉차고 맛있어요.
주문과 동시에 선불 계산하구요. 배달은 로봇이 해주네요.
직원들은 맛집답게 불친절하구요.
요청을 해도 대답을 하지 않아서 기분이 좋지 않네요. 주문할 때도 대답은 하지않더니 김치 추가 요청해도 마찬가지네요.
맛집이지만 이왕 일하는거 친절했으면 좋겠네요.
밥은 공짜로 주는데 아주 적은 양을 주니 인원수에 맞게 추가하시는게 좋아요.
마지막에 밥 말아 먹는게 꿀맛이에요.
참고로 김치는 겉절이인데 마늘향이 강해요. 전 마늘을 좋아해서 추가해서 먹었습니다.
서빙은 로봇이 하구요.
로봇이 와서 서빙하고 인사하니 불친절한 직원보다 낫다는 생각이 드네요.
음식 맛이 워낙 중독성이라 아무리 불친절해도 계속 올 것 같아요."
5,1년 전,"주말이라서인지 사람이 엄청 많고 대기줄을 서서 기다렸어요. 그러나 회전율이 빨라서 5분내 앉아서 식사가능했구요.
맛집이라고 소문이 난곳이지만 큰 기대없이 갔어요.
왜줄서서 먹는지 이해가 가요.
칼국수 깊은 맛이 나고 전혀 느끼하지 않았고
면발또한 부드럽고 술술 넘어가며
너무 맛있다는 기분으로 먹었어요.
비빔국수도 색다르지만 맛있고
만두또한 고기냄새 안나고
참기름향나는 고기야채 만두에요.
거의  두사람이 와서 이렇게 3개 메뉴를 주문해 먹더라구요.
기분좋게 먹고 왔어요.
맛집 인정입니다!!"
4,1달 전,명동의 유명한 맛집으로 줄서서 기다려야 먹을수있으며  여종업원도 유창한 영어로 주문받음
5,1년 전,"속이 훤히 보일정도로 얇은 만두피와 꽉찬 만두속!!
너무 맛있어요~
칼국수는 양은 많지 않아 성인 남성이 먹기엔 아쉬운?
그래서 칼국수랑 만두를 같이 먹어야 하나봐요
비빔국수도 면발이 탱글하니 맛있습니다
메인 식사시간에 가면 대기가 어마무시해요
평일이나 주말 식사시간 피해서 가길 추천드립니다."
5,2달 전,"추억의 맛!!
밀키트가 없는것이 참아쉬움.
만두는 고기가 많이 들어있지만 잡내가 전혀나지 않음.칼국수와 김치의 조합이 무척좋음.
서비스도 신속 정확!!"
5,2년 전,"명동 자체에 사람이 더 많아진 것도 있는데 명동교자 밖에까지 줄 서서 먹는 건 처음이었어요. 그래도 회전율이 좋아서 생각보다 빠르게 들어갈 수 있었어요.

콩국수는 계절메뉴라 4월 ~ 10월에 판매하고 있어요. 1인 1국수 인원수대로 주문 시 사리를 드립니다. (만두는 제외입니다)

저는 4명이서 갔고 만두 2판 칼국수 3개를 시켜서 사리 추가를 하지는 못했지만 밥을 요청드려서 밥 말아서 먹었어요.

요즘은 본점도 인당 김치 한 접시를 주는 게 아닌지 4인에 2개를 주셨어요.

그래도 본점은 대응이 빠르고 업무 분담이 확실해 보였어요.

본점과 분점 다 맛있지만 서비스는 본점이 좋았어요. 다만 대기가 싫다면 분점을 가는 것도 괜찮을 거 같네요."
4,2주 전,외국사람이 더 많이 오네요. 현관에서 안내하시는 분은 너무 강압적이네요. 기분 별로. 30년 넘게 다니는데 맛도 계속 변하는것 같아요. 아마도 원가를 줄이는 방향으로 가서 그런것 같네요 아쉬운 맘이 크네요.
5,1년 전,"여기는 명동 음식점의 시작이자 마무리라고 감히 얘기할 수 있다. 매끼 식사를 하면서, 특정한 맛을 기억하는 하는 것은 쉽지 않다고 생각한다. 물론 단맛, 짠맛, 매운맛 이러한 구분이 아닌, 특정 식당에서만 느낄 수 있는 특별한 맛을 이야기 하는거다.

이런 면에서 명동교자는 누구에게나 이 집만의 특별한 맛의 기억을 주는 집 같다. 마지막으로 이 집을 갔었던 게 10년은 되었던 것 같은데, 국물 맛과 특유의 김치 맛은 시간이 지나고 강렬하게 남아 있었고, 이번에도 그 맛을 다시 확인할 수 있었던 것 같다.

라떼 같은 이야기지만 초등학교 입학 전, 이 집을 처음 갔을 때는 유니폼 같은걸 입은 이모님들이 서빙을 했었던 것 같은데, 이제는 로봇이 서빙하고 있는 모습을 보니, 맛을 제외하곤 많은 것이 바뀌었다는 생각이 든다."
4,3년 전,세월이 지나도 맛있는 그맛. 칼국수인지 짬뽕인지 헤깔리는 맛이지만 특이해서 기억에 남는곳. 만두는 조기품절되니 빨리 주문하시길
4,2달 전,"명동교자는 전통적인 한국 음식점 분위기를 자랑합니다. 실내는 깔끔하고 바쁜 시간대에는 활기차며, 손님들로 가득 차 있는 경우가 많습니다. 빠른 회전율을 자랑하여 대기 시간이 길지 않은 편입니다.

명동교자의 대표 메뉴인 칼국수는 진하고 깊은 국물 맛이 일품이며, 면발은 쫄깃하고 국물과 잘 어우러집니다. 특히, 곁들여 나오는 마늘 풍미의 김치가 독특하고 강렬한 맛을 내어 국수와 조화롭게 즐길 수 있습니다. 만두는 얇은 피에 속이 꽉 차 있어 촉촉하고 담백한 맛을 제공합니다. 신선한 재료와 정성스러운 조리법이 느껴져 매번 만족스러운 식사를 할 수 있습니다.

직원들은 효율적으로 움직이며 주문을 빠르게 처리해줍니다. 다만, 손님이 많은 시간대에는 서비스가 다소 바빠 보일 수 있으나 전반적으로 친절한 편입니다."
1,1년 전,"정말 오래간만에 방문한 명동교자
잘 먹다 만두에서 무언가 크게 질긴게 있어
일부는 먹고 이상해서 보았는데 이물질이 있네요
외국인도 많이 찾고 하루 방문자도 엄청나게 많은곳에서 이런 이물질이 나와서 너무 놀랐습니다
일부는 먹었는데 기분이 정말 좋지는 않네요
입속에서 이물감이 하루종일 느껴졌네요
만두에서 이물질이 나왔는데 직원분이 만두포장 2개 주시며 죄송하다 하시는데  다시 만두를 먹고 싶지 않네요
기분좋게 갔다가 기분만 망치고 온거 같아요"
4,1년 전,"항상 명동가면 명동교자 본점으로~ 칼국수보다 마늘의  알싸한 매운맛 그득한 '겉절이' 먹으러 간다. 김치는 계속  리필해주심. 매운 김치에 콧물 흘리면서도  김치를  두 세접시 먹게됨^^  여기 만두는 피가 얇고 , 고기가  꽉차있어서 무지 든든. 개인적으로 간이 조금  짜다고 느낌."
5,2년 전,"칼국수 @2,000할때부터 다닌 추억 가득한곳
오랜세월 다녔지만 맛의 변화 없고
양이 많아서 남기는분들 많아서
그릇사이즈는 작아졌지만 여전히 사리 무한리필되니 사이즈 적어졌어도 관계없고
중독성 강한 마늘김치 톡 쏘는 아린맛은 순화됐지만
식자재로 인한 순화는 아닌듯 하고 의도적 순화 아닐까
콩국수 두유 안먹던 시절에도 이곳 콩국수는 조아했는데
4~10월까지 콩국수도 판매하니, 국산서리태로 만든 콩국수 찐하고 맛있어요
이번 방문은 5월달이어서 오랜만에 콩국수도 주문
오래전에는 콩국수면도 칼국수면이었던거 같은데...아닌가ㅎㅎ
클로렐라면 색감도 예쁘고 맛있네요
다른곳에는 콩국수 제공하는곳 설탕&소금 비치돼서 기호대로 넣는데
이곳은 서리태 콩국수에 검은깨 포함돼 있는데 피넛맛 느끼는건 뭘까...
설탕,소금 필요없었고
콩국수면 사리도 리필되고, 콩국수면 사리리필하면 콩국수 온전히 한그릇 다시 생성ㅎ
웨이팅줄 엄청 길었지만
주문계산하는데까지 12분 소요됐으니 웨이팅줄 길어도 부담없네요
미쉐린 빕구르망도 2017년부터 2018, 2019, 2020, 2021, 2022년 계속 선정됐네요"
5,3년 전,"개인적으로 칼국수보다 비빔국수가 더 맛있습니다. 김치가 고춧가루 범벅이지만 맛은 좋아요. 혼밥을 하는 사람들이 많아서 눈치보지 않고 혼밥을 할 수 있는 점도 좋습니다. 명동에서 뭐 먹을지 고민되면 방문하는 곳으로 미쉐린 가이드 빕구르망에도 선정됐다고 하더군요.

1966년에 명동에 개점했습니다.명동교자는 전통 조리법을 고수하는 칼국수 전문점이에요. 메뉴는 칼국수, 만두까지 심플하기 그지없으나 한 번 맛보면 잊지 못하는 중독성 깊은 맛이지요. 칼국수의 깊고 진한 고기 육수와 마늘향 가득한 명동교자만의 배추김치는 명동교자에서만 맛볼 수 있는 환상적인 조합이하고들 합니다.

명동에 갈 일 있으면 함 드셔보세요. 비빔국수 추천합니다."
4,2년 전,"역시 명동에서 제일 인기있는 음식은 바로바로 명동교자 인것 같아요 !!

크리스마스 이브에 방문했었는데 사람들이 엄청나게 줄서서 먹더라구요 !!

안에서 너무 다닥다닥 붙어있고 앞사람과 거리도 엄청 가까워서 불편하지만 맛이 있어서 음식나오면 불편함이 조금 사라지네요 !

다만 만두는 예전같은 맛이 안나서 아쉽지만 칼국수와 국물은 여전히 맛있어요 !! 모자르신분은 면이나 밥이 무한리필되니까 요청해서 드세요 !!

김치에 마늘이 많이 들어가있어서 약간 아리고 매운맛이 있긴한데 음식이랑 잘 어울려요 !!

예전에 우연찮게 명동교자 사장님은 본적이 있는데 옆에 비서인지 퍼스널쇼퍼인지 대동하시고 운전기사도 있으시더라고요… 이렇게 인기있는고 사장님이면 그정도 부자가 되나봐요..부럽당!"
5,2년 전,"비빔국수, 칼국수, 만두를 주문했다. 익숙한 메뉴들이지만 이곳만의 맛의 포인트가 확실하다. 빠른 회전율 틈새에서 느낄 수 있는 특별한 맛.

비빔국수는 비빔냉면 같은 맛인데 양념에 다진 고기와 마늘이 들어가 있다. 김치에도 마늘이 많이 들어있어서 두 음식을 먹다보면 알싸한 매운맛이 꽤 강하게 난다.

칼국수는 국물이 진하고 약간 중식 느낌이 난다. 후추향 정도의 매운향이 나고 거의 맵지 않아서 김치와 잘 어울린다.

만두는 고기만두이고 소룡포처럼 반죽이 아주 얇다. 식으면 맛없으니 나오자마자 초반에 먹기늘 추천한다."
1,1주 전,"서빙하시는 분들끼리 갑질이 장난 아닙니다
아무한테나 너 너…그러다 분을 못참고
너 따라나와….나가서 5분동안 갈구고 들어오고
그거 손님들한테 다들립니다..
더럽게 불쾌하고 요즘세상에도 저러나 싶기도 하고
요즘엔 회사에서도 그따위로 사람갈구진 않아요…
손님들 안들리게 니들끼리 대장놀이 하세요"
5,1년 전,"명동오면 꼭 가봐야한다는 미슐랭 맛집! 주말에 갔는데 사람은 많았지만 메뉴 특성상 회전율이 빨라서 그리 오래 기다리지 않아도 됩니다. 인원 수에 따라 들어가는 곳이 나뉘는 것 같고, 앉아서 메뉴를 고르면 선불로 해야하니 참고하세요.

흔히 아는 칼국수 맛이랑은 달라요. 춘장과 짜장면을 생각나게 하는 진한 국물에 속이 거의 없는 만두피가 들어간게 특징입니다. 면은 약간 덜 익은 것 같았고, 김치는 약간 매울 수도 있어요. 한번쯤 와볼만 합니다."
5,1년 전,"내가 다시 왔다,명동교자!
여기가 엄청난 손님에 맛집이라는데…
오오옷! 칼칼한 국물에 말랑말랑하고 바닥에 떨어진 면도 주워먹을 정도!!!
옷! 만약 명동으로 여행 왔다면 이 곳을 먼저 추천해!!!😍😍😍
#명동에서 #칼국수 #만두 #명동에서 소문난 맛집"
5,2달 전,"Went here while on vacation and it was some of the best dumplings Ive ever had, it really is deserving of its Michelin title.

휴가 때 이곳에 갔는데, 제가 먹어본 만두 중 가장 맛있는 곳이었습니다. 정말 미슐랭 타이틀을 받을 만합니다."
5,5년 전,"오랫동안 아주 유명한 칼국수 전문점 입니다. 특이하게 불향이 나는 진한 육수를 쓰고 다진 고기와 작은 만두가 들어갑니다. 이 외에 꽤 매운 비빔국수와 만두도 합니다. 가격은 모두 9,000원으로 저렴하지 않지만 주변 상권 생각하면 이해가 됩니다. 대신 양도 적지 않고 국수를 인원수 대로 주문하면 사리도 무료로 추가할 수 있습니다. 작은 사이즈의 조밥도 무료이니 면 먹고 국물에 말아 먹으면 별미입니다. 매운 마늘김치가 칼국수와 아주 잘어울리는데 먹고 나면 입냄새가 많이 납니다. ㅋㅋㅋㅋㅋㅋ 그래서 항상 자일리톨 검을 서비스로 줍니다. 주문하먼 선불로 계산해서 계산 실수나 시비를 만들지 않습니다. 직원들은 바빠도 꽤 친절하고 매장에 자리가 많고 회전율이 높아 줄을 서서 대기해도 빨리 입장할 수 있습니다."
5,1년 전,"미쉐린가이드 서을 2023에 선정된 명동교자 본점에 다녀왔습니다. 유명한 맛집이라 웨이팅을 좀 했고, 대표메뉴인 만두와 칼국수를 먹었는데 정말 정신없이 먹고 나왔는데...먹는 동안 육즙의 향연이었던 기억으로 행복했습니다^^"
5,1달 전,"이전보다는 살짝 간이 심심해짐... 물론 양념장이 따로 있땐 간조절도 가능 했는데...
사리와 공기밥은 이젠 1회만 추가기능... 물론 내가 먹는 량이 예전만 못해 면사리 1회 추가만 하지만... 솔직히 무료서비스 제한은 아쉬움... 음식물 쓰레기 줄이려 한다지만...ㅋ
그래도 ‘아직 까지는, 날 추워지면 한번씩 가서 먹을만은 함..."
5,10달 전,"사람은 많지만 자리는 항상 있고, 웨이팅이 있어도 10분 안에 입장이 가능한 곳.
칼국수 맛은 아주 일품이었다"
4,2년 전,"코로나 시국에도 문전성시인 국민맛집.
고기육수 등이 가미된 교자칼국수로 중국풍의 맛이 난다.
간단한 구성, 무덤덤한 서빙이지만 충분한 양의 칼국수, 마늘 맛이 강한 김치, 입가심을 위한 자일리톨 껌까지 완벽한 구성!

+식을 줄 모르는 인기에 갈수록 가격은 비싸지고 종업원이 줄은건지 서비스품질은 계속 내려가는 듯. 다만 혼밥족을 위한 1인석 추가, 서빙로봇사용 등 소소한 발전도 있다."
4,4년 전,"묵직한 국물의 고기육수 칼국수

일반적인 칼국수는 바지락을
사용한 해물 칼국수집이 많은데
요즘은 흔하지 않은 고기육수의
칼국수 입니다.

칼국수 면 자체는 푹 익혀서
꼬득한 식감보다는 살짝 퍼진느낌의
면으로 나오며 면도 크게 넓지 않아
먹기는 편한 스타일의 칼국수 입니다.

같이 나오는 김치는 매운맛이 좀
강한 편이며 생강 과 마늘향이 좀
강하게 나는 느낌이어서 먹을때
호불 호 좀 갈릴 수 있는 느낌이었습니다.

인테리어는 깔끔하고 칼국수 메뉴다
보니 사람이 많아도 회전이 빨라 크게
대기하시지는 않을 것 같습니다.

면사리는 인원수 대로 주문시 1회
무료 제공 되는 부분도 괜찮은 것
같습니다 부족하신 분들은 챙겨서
드시면 좋을 것 같습니다."
5,5달 전,"콩국수 칼국수 정말 맛있었는데 전 거기 김치가 너무 마음에 안 들더군요.
거기 시그니처 김치라고 또 좋아하시는 분들도 계시는지 모르겠지만 마늘도 너무 많이 들어가고 뭐가 맛있는지 모르겠더라는..
관광객들 많던데 직원들이 그분들께 영 친절하지 않더라는..
남은 만두 싸가면서 소스달라고 하는데 없다고 하던데 못알아 들은건지 원래 안주는건지..
맛은 있어도 김치랑 분위기, 서비스 때문에 다시 가고 싶은 마음은 안 생길거 같아요."
4,2주 전,"국수와 만두를 먹었다.
2가지 모두 맛있었다.
대기시간이 30분정도였다."
5,3년 전,"요즘 피서도 못가고 해서 서울에서 맛있는 음식 먹으려고 찾아보고 갔어요 우선 차를 가지고 갔는데 근처에 차댈대가 없어서 성당(?)에 댔는데 30분에 3,000원 추가 10분당 1,000원 이더라구요.
10시 30분 문열때 갔는데 그때까지는 사람이 없던데 11시쯤 되니까 그래도 제법 사람이 많아서 좀 놀랐습니다.
메뉴는 칼국수가 가장 맛있다고 해서 칼국수와 만두를 시켰구요 평에 있는대로 칼국수가 어디 중국쪽쯤에 있는 그런 칼국수 맛인데 카라멜라이징한 양파와 불맛나는 국물맛이 좋아서 맛있게 먹었습니다. 김치는 리뷰대로 마늘맛이 많이 나구요 간이 강합니다. 김치도 맛있게 먹긴 했는데 집에오니 속쓰리더라구요. 만두도 맛있었는데 육즙을 느끼려면 한입에 먹어야 한다는 후기보고 한입에 넣었다가 입천장 날라갈뻔....
색다른 칼국수 맛있게 먹고 왔습니다."
3,2년 전,"만두 육즙 좋음. 비빔국수는 마늘 맛이 쎄다. 로봇이 움직이며 서빙하는 시스템도입
올 때마다 느끼는 것이지만 사람이 많다 이 정도 기다려서 먹을 수 있는 굉장한 음식이 아니다 그럼에도 불구하고 유명하기 때문에 오는 것 같다
이 집에서 제일 맛있는 것은 만두다.
다음에 오면 만두만 시켜 먹을 것 같다 칼국수에 육즙에 맛이 들어가 있기는 하지만 톡터지는 맛은 아니다"
5,1년 전,"김치맛이 더 맛나졌다
맵기만 했는데 감칠맛이 두배
콩국물이 담백하고
만두 최고
맛있는거
콩국수는 콩면사리만 추가가능
칼국수는 칼국수면 추가가능
밥은 일인당하나만 추가가능"
4,1년 전,역시 주말에는 사람이 많네요 음식나오는 속도도 정말빠른데 자리에 앉으니 바로 음식이 나옵니다 ㅎ 맛은 여전하네요 면은 부드럽고  먹은후에 공기밥달라고 해서 말아먹었습니다
5,2년 전,1년에 한 번은 꼭 와서 먹어줘야 한 해를 버텨요...진짜 개존맛탱...이거 아니면 명동 올 이유가 없을 정도...매운 맛을 뭐랄까 조미료 범벅으로 내는 게 아니라 생강과 마늘을 적절히 조합해서 만든 진짜 아름다운 맛...근데 명동 상권이 아예 죽어버린 게 너무 가슴 아파요 ㅠㅠ 혜화는 붐비는데...
5,2년 전,"소문난 맛집.
역시 명동교자.
육즙이 가득한 만두.
진한 국물의 칼국수. 부들부들한 면발.
아삭하고 맛있는 김치.
추천합니다.
재방문 의사 있어요"
4,4달 전,"어릴때는 그래도 줄서서 먹지는 않았던거 같은데 몇년전부터 줄 서서 먹고는 이제는 오픈시간에 맞춰서 방문했더니 2,30분만에 바로 만석이 되버리는 곳

여전히 맛있네요 그런데 너무 정신없어서 시장통에서 밥먹는 기분인데다가 가격도 이젠 더이상 저렴하진 않고 김치는 이렇게 매웠던가 싶네요

그래도 무한사리와 공기밥 추가에 교자도 맛있어서 좋아요

10시 30분에 방문했는데 10분정도 전부터 손님은 받는지 이미 1층 홀은 반 이상 차 있었네요 혹시 오픈시간 맞춰가시는 분들은 5,10분정도 먼저 가시는것도 추천!"
5,4년 전,"결제는 선불,
기겁할정도로 맛있다는 아니지만
입에 넣었때 씹을때 삼킬때까지 다 맛있다.
칼국수는 면이 매우 부드럽고 국물은 살짝 걸쭉하면서 감칠맛을 더한다.
만두도 육즙이 풍부해 뭐랄까 끝맛까지 기분이 좋아지는 맛이랄까.

여튼 매우 만족스러운 맛이였고 괜히 맛집이
아니라는것을 세삼 느꼈다."
5,2년 전,"서울 명동거리는 예전보다 싸늘하지만, 유명맛집들은 아직도 북적이네요.

알싸한 김치가 매력인 명동교자에서 칼국수와 만두를 먹었어요.

여전히 명불허전한 맛이네요. 칼국수 육수부터 진하게 느껴집니다. 중국과 한국의 콜라보적인 맛이에요.

#명동교자 #칼국수 #만두"
4,5달 전,"둘이가서 칼국수, 비빔국수에 만두하나 먹으면 딱 좋다. 대기 줄에서 기다리면 금방 자리가 나는편이다. 주문부터 결제 식사까지 빠른 속도로 진행된다. 외국인들은 한국의 빠른 문화를 여기서 직접 체험해 볼 수 있다!"
5,8달 전,일요일 11시40분쯤? 방문했는데 웨이팅 줄이 엄청길어서 고민했지만 테이블회전이빨라서 생각보다 빨리 들어가짐. 칼국수 면이 엄청 부드럽고 호불호 없는맛. 비빔과 김치엔 마늘이 엄청많이 들어가서 맛있긴한데 취향은 좀 갈릴듯. 만두는 그냥 평범해서 재방문시엔 굳이 안먹어도 될듯함
5,1달 전,빠른 회전 맛있는 국수 특별한 김치!! 마늘을 쏟아부은 김치는 먹고나서 오래가는 냄새ㅋㅋ 하지만 너무 맛있는음식들!!
4,2년 전,"여전히 사람도 많고 어마어마한 속도를 자랑하는 명동교자. 여룸한정의 콩국수와 늘 먹어도 맛있는 교자의 조합. 마늘향 가득한 김치와 어울리는 즐거웠던 시간이었다. 정말 오랫만에 방문했는데 예전과 같은 맛이어서 너무 좋았고, 생각보다 가격도 안오른거 같아서 사람없는 명동을 꾸준히 지켜가주길 바랄 뿐"
4,2년 전,"유명한 명동칼국수입니다. 맛이 감칠맛이 강하고 뭔가 연한 짜장면향 에 들기름넣은 맛이 나면서 국물이 찐하고 구수하며 맛있습니다.
그런데 먹다보면 물리는 감이 있습니다. ..
만드도 부추들어간 맛있는 만두여서 좋았어요

*****여기는 특이하게 선결제방식이고 줄서기후 앉아있으면 직접 오셔서 주문과동시에 바로 결제를 하고 식사후 눈치보지마시고 그냥 나가시면 됩니다."
4,3년 전,"옛날의 맛을 떠올리며 갔는데
예전보다 육수가 연해지고 불향이 생겨서 뭔가 변한 느낌이에요.
김치도 간이 강했던 것 같은데 마늘 향만 그대로인 듯해요.
그래도 변한 맛도 맛있긴 해요.

목요일 아침 10시 30분에 도착했는데 이미 2층부터 1층 계단까지 줄이 길었어요.
손소독이랑 QR체크 하고 인원수에 따라 먼저 들어가는 경우도 있어요.

10분 정도 기다리니 3층이 열려서 금방 들어갔어요.
자리에 앉으면 돌아다니면서 주문 받아주고
음식도 금방 나옵니다."
5,1년 전,"30대 부터 먹으러 다녔던 장소인데 서울을 떠나와서도 서울에 갈 일 있을때는 매번 와서 먹고 가고 있습니다. 명동 교자는 명동에 2곳이 있는데 이번에 늘 다니던 곳 말고 다른 곳에 갔는데 그 분위기와 그 알싸한 김치 맛은 여전했습니다. 칼국수는 제 기억으론 국물이 매우 진해서 한 입 먹으면 입술끼리 살짝 붙을 만큼 진했었는데  이번엔 제 입맛에는  좀 묽은듯 했습니다.비빔국수는 양이 좀 준듯 했지만 여전히 맛있었습니다.
명동교자는 직원 어머님들이 매우 친절하시고 일에 능숙하셔셔 가게 회전에 크게 도움이 되시는거 같습니다. 그런데 줄을 세우고 손님 입장을 관리하시는 남자분이 계셨는데 좀 강압적인 분위기가 느껴져서 명동교자의 따뜻한 분위기와는 어울리지 않았습니다.
어쨋든 명동가면 꼭 한번 드시는걸 강력 추천합니다.명동교자 더 오래오래 번창 해주세요"
5,1년 전,"요기 정말 오래된 곳인데 가격은 많이 바뀌었지만 맛은 오래전 부터의 맛입니다. 얼마전 방문하니 칸막이도  많아지고, 서빙 로봇도 생겼더라구요..  외국분들도 많고요~ 국수가 쫄깃하며, 부들부들, 구운 양파에 닭고기 육수와 간 고기, 만두 그리고 매운 김치가 너무 잘 맞습니다~ 국물에 밥을 안말아 먹고오면 후회^^"
4,3년 전,"워낙 유명하고 매니아가 많아서 부연 설명이 필요 없을 듯 합니다.

특유의 담백하고 구수한 욱수에 찰진 면발..
알싸한 마늘 김치의 조화가 잃었던 입맛을
돌게 하네요.

메뉴는 딱 네가지이죠.
칼국수, 비빔국수, 만두, 콩국수
선불이구요.

김치는 계속 리필 해 주시구요.
인원수 대로 식사하시면 사리와 밥은
무료 추가 됩니다.
아마도 셋이 오셔서 두개 시키고 사리
더 주세요를 방지하는 차원인듯 싶네요.

둘이 방문해서 칼국수 두개와 만두하나
밥하나 먹었는데 양이 많아서 나오는 길에
콜라 한병 원샷 했심다.

옆에 여자 세분은 칼국수, 만두, 비빔국수
이렇게 시켜서 나눠 드시더군요.

점심 피크때 방문했지만
온도 체크 등 입장 절차에 잠깐 줄을 서고는
1층, 2층, 3층으로 고루 배정 받습니다.

저는 3층으로 갔는데 이미 만석 입니다.
다만 메뉴가 간단하니 드시고 바로바로
일어나서 회전이 빠른 편 입니다.

정말 오랜만에 갔는데
맛은 변함이 없네요. 뜨끈한 육수에 면치기 생각이 나면 달려갈만 합니다.

다만, 만두는 열알 인데, 만원이니 한알에 천원,
음..이 부분은 좀 거시기 하네요.
냉동 만두 한봉지 생각하면..ㅋ

물리적으로 가장 가까운 주차장은 신일빌딩
주차장인데 엘리베이터로 16층까지 오르 내리는데 싸이즈가 쌈빡해서 초보나 미숙한
분들은 부담일수 있으니 참고하세요.

차량 리프트 사진 몇컷 같이 참고로 올립니다."
5,2년 전,칼국수가 이렇게 맛있을 수가 있네요. 한국에서 그동안 먹었던 칼국수의 어나더 레벨인데 그만큼 사람이 너무 많아서 국수가 코로 들어가는지 입으로 가는지는 몰랐지만 일하시는 분들디 생각보다 친절하시고 어마무시하게 빠르십니다.... 왜 이걸 이제 첨 먹어본 걸까요ㅠㅠ 김치는 좀 매운편이라 맵찔이이신 분들은 조금씩 드시길 추천드립니다.
3,3년 전,나가사키 짬뽕같은 국물맛의 칼국수와 육즙이 가득한 만두는 맛있음. 근데 마늘맛 밖에 안나는 김치와 개성없는 비빔국수ㅠ 땜에 별 개 뺍니다.
4,1년 전,국물은 저 다진고기 같은거랑 섞으면 감칠맛이 진하고 섞지 않은 상태에서 먹어도 맛은 있는데 뭔가 좀 슴슴한 느낌은 든다 여러가지 야채들과 함께 꽤 영양적으로 완성되어 있어보이고 (탄수화물에 좀 치중된 느낌도있지만) 면은 어르신들이 드시기에 좋게 아주 부들부들 부드러운 느낌의 면이다 꼬들하다거나 쫄깃한 느낌은 아예 없음 ~ 특히나 관광객들이 많이 찾고 일본 여행객들이 더 좋아한다고 하는데 오랜 역사를 지킨 만큼 한번쯤은 가서 먹어볼만한듯 싶다
1,4달 전,"오늘 2시에 5인이서 방문. 줄이 햇빛 쪽이라 일부러 그늘 쪽에 서있었음. 남자 직원이 일행을 밀치면서 까지 햇빛 쪽으로 밀어서, 우리가 햇빛이라 그늘에 있었다고 얘기를 함. 그런데 남자 직원이 ""줄 서기 싫으면 딴데 가세요."" 라고 말함 ;

가뜩이나 일행 중 한명이 생일이라 기쁜 마음으로 방문했는데, 밥 맛이 오히려 떨어진 기분이었음. 전체적으로 맛은 좋음."
4,1년 전,"#11시-1시 방문자제(근처직장인점심으로 대기시간 길어짐)
#칼국수 1만원 맛있음
#매장안 좀 소란스럽고 복잡함. 시장분위기.

명동에서 제일유명한 칼국수 만두 식당. 11시반경 마침 펑일 직장인 점심시간에 맞춰가게 되었음. 거의 40명이 기다리고 있음. 1인, 2인, 3인이상 손님으로 나누어 줄을 세우는 듯함. 1인 손님은 4인테이블을 1인손님 4명을 앉히게 하여 내차례가 금방왔음. 3분후 입장. 입장하자마자 칼국수주문 선결제. 고기가 고명으로 얹어져있고 물교자도 4개있음. 면발은 부들부들 후르륵 잘넘어감. 국물담백하고 간잘되어있고 맛있음. 김치는 생마늘 냄새 엄청남. 오후내내 입안에서 마늘냄새남. 오후 미팅있다면 김치는 먹으면 안됨."
5,5년 전,명동교자는 사실 명동칼국수라는 이름이었다. 하지만 약10년간을 이 업소와 관계없는 음식점들이 명동칼국수 라는 상호를 쓰기 시작했고 이에 부득이 차별화를 두기 위하여 1978년에 명동교자로 상호를 변경했다고 한다. 명동교자는 두곳 이 외에는 대리점과 가맹점은 없다. 한국인은 물론 관광객들에게도 무척 인기가 많은 이 곳은 점심과 저녁식사시간에 걸리면 상당히 오래 기다려야 한다.실내는 두개층으로 나누어져 있는데 최대 180여명까지 들어가서 식사할 수 있다. 명동교자는 원래 충청도 지방의 전통칼국수인 누른국수를 계승 발전시킨 음식으로 이 누른국수는 면의 수분 함유량이 높다. 그래서 끓이는 과정에서 면발이 솥 밑바닥에 누룽지처럼 눌게 되고 그래서 그런 이름이 붙여졌다고 한다. 그로인해서 우리나라 사람이면 누구나 좋아하는 구수한 특유의 맛과 향이 생기게 되었다고 한다. 육수는 닭육수를 쓴다. 마늘이 듬뿍 들어가 있어서 먹고나면 입에서 마늘냄새가 잔뜩 난다.이 곳의 만두는 만두피가 무척 얇은데 속은 돼지고기와 무말랭이 부추가 들어가있는 전형적인 한국식만두이다. 참기름의 향이 강하고 밥은 무한리필이 된다.  밤이 무한리필 된다고는 하지만 밥까지 먹기에는 다소 무리가 있을 정도로 양이 많다. 명동교자의 자랑은 겉절이 풍의 김치인데 매운 마늘향이 무척 강하다. 소금에 절인 배추에 젓갈을 넣지 않고 만든 김치라고 한다. 명동교자에서 만두를 교자라고 부르게 된 원인은 중국교자에 베이스를 두었기 때문이라고 한다. 이 곳에서는 중국의 전통교자 만드는 장인에게서 비법을 전수받았고 이에 그치지 않고 한국인 입맛에 맞게 연구 개발하여서 교자에는 한국의 맛과 중국의 맛이 절묘하게 뒤섞여 있어 아시아인들에게 인기가 좋다.
4,3년 전,"가끔은 이집의 면치기가(잘넘어가는 면굵기와 부드러운질감) 그리울때가 있어 방문합니다.

막상 먹다보면 감격스러운 감정은 금새 사라지죠.
항상 맛있지만.. 요즘 맛있는 집이 너무많은지라.."
4,7달 전,오래전 추억으로 찾은곳 생각보다 훌륭하진 않았지만 나쁘지 않았다. 김치가 너무 진한 마늘과 생김치에 익숙하지 않았고 만두는 너무 맛있었다
3,4일 전,비빔국수가 맛있어요
4,1년 전,"매우 혼잡합니다. 대기줄은 기본이고 오픈런 아니고는 30분~ 1시간정도 줄서야되요.
손님이 많아서 직원들 엄청 바쁘고 말속도도 빠릅니다.
그래서 불친절하게 느낄 수 있어요.

음식은 기본적으로 담백하고 카라멜라이징한 양파로 불향이 있어서 잡내없이 맛있습니다. 중국 탕면 느낌이에요

만두는 육즙도 제법 있고, 고기함량이 높아서 그런지 잘뭉쳐져있어요.

김치는 마늘향이 아주아주 강합니다.
입냄새 주의요망입니다

맛은 대체적으로 맛있습니다."
5,4년 전,"닭 육수로 깊게 우려낸 최고의 칼국수 집! 명동교자 본점~~ 다른 명동교자와는 솔직히 차원이 달라요~~ 🍜 🍜 🍜
칼국수 위에 함께 나오는 4개의 미니 만두도 감칠맛 나게 맛나고, 알싸한 마늘 김치와의 조화는 정말 일품입니다~~ 🥟🥟🥟 👍👍👍
무료 사리 추가되는거로 알고 있고요 횟수는 잘 모르겠지만 1번은 확실히 되요~~ 😉
칼국수 나올 때 밥 조금 달라고 하시면 작은 그릇에 밥이 나오는데 국수 국물에 말아 먹으면 그것 또한 참 맛나요~~ 😌👌
식후에 먹으라고 주신 껌은 마늘 향, 매운 맛 잡아주는 필수 잇템~~~ 🥵🙊

비말차단용 투명 칸막이도 설치되어 있고요, 조금 거리가 가까운 편이여서요... 식사하신 후 되도록 많은 대화는 식당나오셔서 하는 것을 추천해드려요 ~~ ^^

바로 옆에 원조 충무 김밥집 있으니 포장도 추천해드려요 ~ 🍱🥃"
4,5년 전,"- 언제나 사람들로 가득차있음
- 1,2층이 있으며 2층이 좌석도 많아서 음식을 먹기에는 괜찮음
- 주문 후 바로 결제를 해야됨
- 인원수 대로 칼국수를 주문해야지 국수사리 무제한 리필이 가능함 (3명 중 2명만 국수를 시켰다면 리필이 안됨, 밥은 인원수에 관계없이 가능, 2018년 1월 부터 적용)
- 마늘김치는 제한없이 리필이 가능하며, 엄청 매워서 만두 와 칼국수의 느끼한 맛을 잡아주는 역할
- 회전율이 빠르기 때문에 금방금방 자리가 나옴
- 식탁아래 쓰레기통이 있음
- 만두는 고기가 가득 들어있있음
- 칼국수 국물의 맛이 정말 끝내줌!!
- 외국인은 메뉴판을 제공해주기 때문에 주문하는데 어려움이 없음"
5,10달 전,"사람이 너무많고 자리가 비좁습니다
그런데 음식은 맛있어요..비빔국수 양이 많이 적어진듯해요"
4,2년 전,"워낙에 유명하고 미쉐린 맛집이라 그 명성이 궁금하여 방문을 했습니다.
듣던데로 닭고기육수 베이스 국물이 깔끔하고 면빨이 탱글탱글 했습니다."
4,11달 전,토요일 점심 1시에 도착했는데.. 약 20분 정도 대기했어요.. 역시 맛은 추천합니다.. 양이 조금 줄었는데 사리나 밥이 무료로 추가 가능해요..
4,4년 전,"만두는 뭔가 냉동만두를 닮아서 시키지 않았고요 비빔국수랑 칼국수 먹었는데 칼국수맛집 인정👍
국물이 너무 맛있네요. 면이랑 밥은 무한리필이던데 그것또한 좋았어요…"
5,11달 전,"알싸한 마늘김치가 자꾸 생각나
오랜만에 추억여행하러 방문
장소, 맛 변치 않아줘서 고맙다"
1,5달 전,"비위생적이고 불친절합니다. 살면서 부정적인 리뷰 쓰는게 처음입니다. 다른 손님들 먹던 침섞인 음식물 그릇 치우고 테이블 닦는 행주 앞치마에 넣어놓고 수시로 만지던 손으로, 손도 안씻고 칼국수 국물에 손가락 넣은 상태로 서빙하셨어요. 식당이 너무 붐비고 시끄럽고 정신이 없어서 바빠서 그러신가보다 하고 넘어갔습니다. 코로나 재유행하고 있는 시즌에 이렇게 비위생적인것에 한번 놀랐고요.(여자직원분이었음) 김치 더달라고했더니 다른 남자직원분(키크고 주인 아들처럼 보였음) 대답도 없이 김치 그릇에 김치를 집어 던지셔서 절반은 그릇에 들어가고 절반은 테이블에 흘렸어요. 흰색 가방 안고있었는데 김치국물 옷하고 가방에 다튄거 보셨으면서 눈으로 흘기더니 미안하다는 얘기도 없이 휙 가시더군요. 진짜 뚜껑열렸습니다. 나가기전에 말씀은 드리고 나가야겠다 싶어 한가해 보이는 직원분 앞에 서있으니 비키라고 손가락으로 까딱까딱하시길래 아 여기는 서비스 기준 자체가 일반적인 식당이랑 다른 곳이구나 라는 생각을 지울수없었습니다. 어떻게 단 한명도 정상적인 서비스 마인드를 갖고계신분이 없는지 의문이었어요.
중국도 아니고 한국에서 이런 서비스 마인드를 갖고 일하는 식당이 있다니 정말 충격적이었고요. 저 왠만큼 싸가지없는 식당에도 부정적인 리뷰 써본적 없는 사람입니다. 네이버 리뷰에서도 싸가지 없다는 후기가 흘러 넘치더군요.

그리고 외국인 손님한테 선불이라는 의미로 pay now! 이러면서 소리지르시던데 손님이 이해 못하니까 now!! now!! 네다섯번 소리지르시던데 진짜 무례해보였어요. 일단 선불은 영어로 pay now가 아니고요, 그렇게 말씀하셨으니 외국인손님이 이해 못했겠지만 표정이나 말투나 진짜 깡패도 아니고 돈뺏는 일진같았습니다. 카드가져갈때도 휙 뺏어가서 테이블에 탁 놓으시더군요. 와 진짜 여러 의미로 어메이징 합니다. 한국에서 극단적으로 나쁜 경험을 해보고 싶으시면 반드시 이곳에 오세요!!!"
5,5년 전,"칼국수 맛집.
닭육수가 깔끔하고 담백하여 같이 나오는 다소 거칠고 자극적인 김치와 아주 잘어울린다. 부들부들한 면도 이 집 명성에 한몫한듯. 만두는 그저 그런 딱 아는 맛이다. 그렇지만 안시키면 왠지 억울해서 맨날 시킴 ㅠ 웨이팅이 항상 있는 편이지만 금방금방 자리가 나서 웨이팅이 길지는 않다. 좌석 사이간격이 좁고 홀이 좁아서 시끄러움. 또한 맛있는 마늘김치를 먹은 후 이에 낀 고추가루를 염려해야하기에 데이트코스로는 노적절,,
(자일리톨껌을 주시긴 하지만 무리가 있음^^;)"
3,2년 전,"일요일 오후 12시 반쯤에 왔는데 생각보다 줄은 별로 안 길었어요.
웨이팅 각오했는데 거의 15분? 기다린듯.
회전율이 진짜 빨랐음...
칼국수와 만두를 먹었는데 만두는 생각보다 딱딱..은 아닌데 뭔가 덩어리져있고 칼국수는 육수가 고기라서 그런가 꽤나 신기한 맛이었어요.
김치는 확실히 마늘맛이 많이 났습니다.
명동 왔을때 한번 먹어볼 맛이긴 한데 이것만 보고 오기는 조금 아쉬울것같아요."
5,1년 전,"예전 맛 이랑 차아가 있나 싶기도 하고요.
한국식  국수라 하기보다
중국식 국수 느낌이 많이 들어요 .
불맛 국수 . 향이 살짝 나고 .
한국인에게는 그러게 아쉬움
김치는 제 입에는  너무 매워요 .
매운거 좋아하는 분들은 칼칼하게
국수랑 먹기에 괜찮을듯 ..
시키자마자 바로 나옴
미리 준비하시는듯
대기줄 엄청 기다리다 들어가서
바로 나오니 좋긴 한거 같은데 왠지
뭐지...  바로 나오네 함 요
여행자들이 많이 찾는곳 .~ 명동
그냥 ... 사골 칼국수도 있으면 좋겠다 싶어요. 한국인은 한국 칼국수가 생각 나요"
5,1년 전,"40년 전에 자주 갔던 곳
당시에 비해 인기가 좋아 늘 대기줄이 있어 기다려야 하지만..."
1,1달 전,"직원관리와 위생관리가 전혀 안됨.
한국 망신 시키는데 앞장서고 있음.
나도 살다 살다 이렇게 질서없고 무례하고 위생도 불결한 곳 처음.
외국인들이 직원들한테 쫄아서 뭐 말하려고 시도하다가 말도 못붙임ㅋㅋㅋㅋㅋ
무조건 기다리라고함, 알겠다가 아닌..ㅋㅋ

외국인들이 손들고 부르거나 말로 불러도
""너는 짖어라 난 내일이 먼저다""라는 눈빛으로 기다리라고만 함ㅋㅋㅋㅋ

옆에서 보고 외국인들 불쌍해서 내가 도와주다가
나도 직원한테 면박당함ㅋㅋㅋㅋㅋ
기다리라고ㅋㅋㅋㅋ
국수는 3분컷이면 먹는데 김치달라, 면리필해달라 이것저것 기다리는게
20~30분이 더 걸림ㅋㅋㅋ

손님이 리필하려고 마주보고 얘기하고 있는 중에도 말도 안끝났는데  갑자기 휙 가버림.
그마저 김치를 가져오는데 본인 엄지손가락을 김치속에 넣고 가져옴ㅋㅋㅋㅋㅋㅋ
미안하다고도 안함ㅋㅋ
더러워서 입맛 사라짐ㅋㅋㅋㅋㅋㅋ

면 리필과 밥 리필은 한국인들만 가능할듯ㅋㅋ
소리지르고 손들고 튀는행동 별짓 다해야 겨우 말 들어줌.ㅋㅋㅋㅋㅋㅋ

///제발 부탁인데, 나라망신만 시키지 마쇼.///"
3,1년 전,"점심시간에는 웨이팅이 너무 길어서 포기하고, 이른.저녁으로 갔습니다. 3명 이상은 3층으로 올라가라하셨구요, 칼국수1&비빔국수1 주문해서 어른둘이 나눠먹었어요. 배고픈 상태로 가면 양이 적을거같아요.

칼국수는 국물에서 진한 맛이 나고, 다진 고기/목이버섯도 들어가서 맛있어요. 비빔국수는 면이 초록색인거 보니 다른 가루가 첨가 되는거 같구요, 첫입에는.잘.안느껴지지만 좀 있으면 생마늘 향이 엄청나게 확!!하고 올라오네요;; 제 입에는 좀 과하게 느껴졌구요, 같이 나오는.김치에도 똑같은 마늘이 느껴졌습니다.

국수 시키면 작은 공기에 밥이 조금나오구요(요청하시면 갖다주세요), 웨이팅이 길지만.회전율이 빨라서 금방 줄어드는거 같아요~"
5,3년 전,"칼국수 맛집!
불맛과 진한 맛을 느낄 수 있습니다!
많은 사람들이 좋아하는 맛집-!
김치가 많이 맵고, 마늘향이 진짜 강해요!"
4,4년 전,"1. 칼국수
맛이 상당히 독특하다는 거 인정
짬뽕 향이 나는데 특이함. 헌데.. 국물까지 다 드링킹 해버린..
개인적으로 맛있다기 보다 와.. 이거 또 생각 나겟다 함

2. 서비스 너무 빨라서 놀람... 나 기다리고 있었나 ㅎㅎ
주문하고 3분??? 안 걸린 듯

3. 만두
솔직히 비비고 교자 질 찌면.. 같은 맛..ㅎㅎ
만두는 차이점을 못 느끼겟음
너무 미리 준비 한건지 만두 아랫 부분은 흐물흐물 함 ㅜㅜ

4. 김치
개인적으로 이집 김치. 아니지 겉절이가 ㅎㅎ 마스터 피스인듯 궁합이 예술입니다

5. 총평
노련하신 홀 이모님들의 서빙력... ㅎㅎ  부족하기던 내주시는 추가 김치
너무 미리 준비 된 음식 그러나 아쉬움 없는 정성의 맛
해장으로도 생각 날 듯."
4,4달 전,"맛있고 너무 유명해서 바쁜 나머지 종업원 분들이 큰 소리로 얘기할 수 밖에 없는 곳.

관점에 따라 불쾌할 수 있지만, 내부가 너무 시끄러워서 소리가 안 들려서 그러거니 하면 됨.

테이블도 공간도 좁아서 좀 그렇긴 한데, 요리 맛은 인정임."
4,2년 전,"명동교자 닭 칼국수는 저에게 소울푸드입니다.
입맛없거나 친구들과 명동서 만나면
꼭 들리는 장소.
중,고등 학교때부터 다니던 곳이고
알싸한 마늘향가득한 배추겉절이랑
찰떡궁합인 칼국수랑 먹으면 마음이
힐링되는걸 느껴요."
4,2년 전,"저녁 여덟시가 넘은 시간이었는데 사람 한가득. 약간의 웨이팅 후 3층으로 안내 받았습니다. 위로 올라가니 생각보다는 공간이 작진 않은 듯.
음식 맛은 고기 맛이 진하게 우러난 걸쭉한 육수에 칼국수라 맛없없이고 김치도 다 먹으니 돌아다니시면서 먼저 리필해 주셨습니다.
식기류 등은 세척상의 문제류 청결한 느낌은 아니었기에 별 하나는 제외. 굳이 찾아가서 먹을 맛은 아니지만 근처에 오면 본점이니까 한번 경험해 보는건 나쁘지 않을 듯."
5,1년 전,국물 너무 좋고 면도 맛있고 피만두가 4개 올라가서 교자는 패스 ㅎㅎ 면추가 밥추가 해서 먹으면 푸짐하게 먹을 수 있어요!! 마늘김치까지 곁들이면 중독성 때문에 칼국수 계속 먹게 되네요!!
5,6년 전,"초등학생 때부터 다녔던 집.
닭 육수를 사용한 집인데 그때부터 지금까지 맛이 달라진 적이 없는 집.
예전에는 김치맛이 매번 변했었던것 같은데 어느순간부터 김치맛까지 변하지 않는 집.
변한 것이라곤 1층만 운영했던 곳이 2층으로 확장하더니 근처에 분점을 내고 본점 3층까지 운영한다는 것과 1인1메뉴가 아니었더라도 사리리필이 가능했었는데 1인1메뉴가 아니면 사리리필이 안된다는거~~(요건 너무너무좋다고 생각함.)
갈 때마다 김치는 서너번 리필하고 면을 리필할까 밥을 리필할까 고민하게 되는 집~!
일본관광객, 중국관광객 및 여러나라에서 이곳에 오지만 역시나 단골 손님들이 제일 많이 오는 곳.
명동에 맛집이 수두룩하지만 나는 단연 이곳이 베스트 오브 베스트라고 생각함.
가성비로 최고의 집.
한끼만 먹어도 든든한 집.
칼국수 8,000원에 사리리필, 육수리필, 밥리필까지.
강추강추~!
직원분들의 시스템은 명동교자를 따라가는 곳을 아직까지 본 적 없음.
테이블에 착석하면 주문하면서 계산까지. 영수증 갖다주시면서 자일리톨껌을 인원수대로 주심.
먹고 있으면 김치 떨어져 갈 때 쯤 김치 더 필요하세요라고 먼저 물어보심. 사리도 추가주문하면 초고속으로 갖다주심.
빠른 서비스를 느껴보고 싶다면 이 곳에 꼭 가보시길 추천 드립니다."
5,1년 전,"한국에 있는 동안 두번 간 식당!
처음은 10분 정도 웨이팅했고, 두번째는 30분 정도 기다림.. 그래도 기다려서 먹어도 될 만큼 맛있었다!
음식 가격도 생각보다 착한 곳!
너무 맛있었던 좋은 기억이있는 곳! 다음에 또 방문할 예정!"
4,7년 전,"사람이 정말 많이 붐비는 곳으로 식사시간대에는 대기를 오래해야한다.

가게도 무척 큰곳이지만 분주한곳

식사는 주문시 바로 결제후 식사후에 그냥 나가면 되는 시스템.

칼국수 육수는 일품. 콩국수와 비빔국수도 있으나 칼국수 추천

밥은 달라고 해야 준다."
3,1년 전,"🌴칼국수
명동에 칼국수를 먹으러 왔을때 기대한 바는,
우리나라의 칼칼하고 국물 시원하게 우려내는 칼국수 정통의 맛을 기대했는데...
비주얼이 이게 뭐지... 뜨악...

이건 비주얼 상으로 완전히 중국식 칼국수/手擀刀切面 에 훈뚠(중국식 물만두)을 넣은 것과 거의 같다.

1. 육고기 육수같은 느낌
우리나라 칼국수의 맛은 칼칼한 해산물 육수에 있다고 생각했는데, 이건...
전분끼 있는 중국식 고기육수 같다.

2. 목이버섯
중국에서 면요리 단골 손님이다.
근데, 국내에서 면요리, 밀가루 요리에 목이버섯 들어간 것은 본적이 없다.
(어딘가는 있을지도 모르지만...)

3. 훈뚠/馄饨
얇고 넓은 만두피에 소를 아주 살짝만 넣어만든 물만두를 훈뚠이라 하는데, 사진속 저 만두가 딱 바로 훈뚠이다."
5,2년 전,"칼국수 국물은 진한 닭육수에 불맛같은게 살짝 남. 면은 부드럽고 위에 올라간 만두 4개는 만두라기보단 수제비같이 호로록 먹는 재미가 있음.
만두는 돼지고기,부추,후추 맛이 나는 맛있는 만두였음.."
5,5년 전,"1,2,3층 500석인데 꽊꽊차서 웨이팅해야함
만두가 10000두라 10000₩인데 날두는 아님
맛있음! 최소 시간당 천만₩은 번다!
인원수대로 면을 시키면 칼국수 사리가 무료리필"
4,2년 전,"음. 고기 국물 좋아하시면 좋으실듯.
개인적으로 고기보다는 시원한
해산물을 즐기는 타입이라서.
그래도 깔끔한 국물입니다"
5,2년 전,"내돈내산 리뷰!!
시그니처 김치가 늘 인상적이다. 기름진 국물에 마늘향 진한 배추김치~ 너무 궁합이 잘 맞네요. 만두는 육즙을 가득 품고 있네요~ 역시 김치랑 잘 어울려요~ 단!! 매운맛에 약한분은 김치 비추입니다. 김치가 생각보다 많이 매워요~ 전 매운맛을 좋아해서~^^; 매운맛 좋아하시면 드셔도 좋아요~"
1,1년 전,"주말의 경우 국물은 밍밍하고 면은 푹 퍼져 나오는 등 퀄리티 체크가 안되고 있으며,
김치 또한 마늘의 매운 맛만 날 뿐 김치의 조화로운 맛을 느낄 수 없어
코로나 이전의 명동칼국수를 생각하고 계시던 분들께는 재방문하지 않는 것을 추천합니다."
5,3년 전,"칼국수와 찐만두  시켰는데
별미 네요!

인생 칼국수 한번 느끼고  왔네요

죽기전에 먹어야 할 맛집 인정"
3,5달 전,"마늘김치먹고 온가족 배탈남.
만두는 약간 딤섬스타일. 쏘쏘
칼국수는 우리가아는 칼국수가 아니라 중화요리느낌. 쏘쏘
비빔국수는 안드시길추천(죽도밥도아님)."
5,1년 전,"나는 칼국수 좋아하지 않는데
여기는 가끔 온다.
1인1메뉴 주문시 필요하면 밥하고 국수사리는 공짜다.
김치도 몇번이고 리필가능하다.
국수위 고명은 닭고기.
언제나 붐비고 자리도 좁지만
맛있어서 간다."
5,1년 전,"15년만에 방문해서  먹었는데 너무 맛있어요 김치쵝오! 추억의 명동교자❤️
웨이팅은 있지만 회전율이 좋아서 오래 걸리지않아요 음식도 엄청 빨리나옴"
4,4년 전,"칼국수(포장)

원래는 포장이 안 되는데 현재는 코로나 때문에 가능하대서 사왔다. 면까지 익혀서 나오고 사진엔 없지만 매운 김치도 같이 포함됐다. 맛은 당연히 맛있다."
4,3년 전,"위에 올라가는
고기가 닭고기인지 어제 방송을 통해 첨 알았음.

이집은 말이 필요 없음.

알싸한 마늘김치에 불맛나는 육수가 너무 맛있음.

면은 취향은 아니지만 괜찮음.

김치와 육수가 가끔 생각나게 만듬"
4,3년 전,"제가 갓 20살이 되었을 때, 안방처럼 드나들던 명동에 올때마다 꼭 먹었던 것이 명동교자였는데요.. 최근에 영자언니가 방송에서 언급한 이후로 죽어가고있는 명동의 상권을 다시 일으키고 있다는 (?) 설이 돌 정도로 웨이팅이 어마무시하다고해서 마음 단디 먹고 갔는데 다행히 기다리지 않고 바로 입장했어요(머쓱). 옛날이나 지금이나 직원분들의 빨리빨리~!! 는 변함이 없네요. 앉자마자 1)주문하고 2)계산하고 3)바로 음식나오고 ㅋㅋㅋ 방금 무친듯한 마늘 가득 김치는 국수랑 찰떡이고 맛도 그대로 변함이 없어요."
4,6년 전,"개인적으로는 약간 짜장면맛칼국수..? 이런걸불맛이라고하나..?? 완전 내스타일ㅋㅋ
1인1국수해야 사리무제한이고 만두는속이꽉찼음ㅎ
다만 선불에 사람들로초만원이라 구석에앉으면 직원부르기어려움.. 편한사람과가세여ㅋㅋㅋ"
4,5년 전,"일요일 저녁 5시경 명동 나왔다가 5식구가 명동교자 본점에 들렸다.
1층에 만석이어서 엘리베이터 로 3층에서 먹었다.교자 칼국수가 소고기가 많이 들어있는데 9000원이다.
맛도 좋았고 사람이 정말 많었다."
3,5년 전,"신속, 정확...맛도 그대로.
대신 추억만 가득할뿐 편한 식사장소는 아니죠.
한달에 3번이상, 1년에 최소 20번은 가는것 같은데
여행객들에겐 인기있는 오래된 전통의 명물 식당이지만
이 지역이 근무처인 사람에게는
조금만 늦음 한참을 계단줄을 서서 기다리는
황당함이 있는곳이지요.
식사주문과 함께 계산을 같이 하고, 디저트 사탕까지 함께주는 곳.
식사회전이 엄청 빠른데 뭐 그렇다고 먹다 체할 정도는 아니구요.
다만 명동왔음 명동교자는 들러서 칼국수, 만두는 먹어봐야하는거 아니냐 하심 꼭 드셔보시구요.
두번, 세번째 명동 왔을때는 더 운치있고, 맛난곳에서
편하게 식사와 시간을 보내셔도 될것 같습니다."
4,5일 전,"미슐랭을 가지고 있다고 듣고 기뻤던 가게.
기대했던 것 이상으로 맛있었습니다!
다른 요리도 맛있었습니다 만, 만두가 역시 1 번이었습니다 (^^)

행렬이 되어 있었지만 비교적 빨리 자리에 도착할 수 있었다.
입점시에 메뉴를 기계로 주문해, 자리에 붙자마자 요리가 로봇으로 옮겨져 왔다!
메뉴 수 좁혀 있기 때문에 제공도 빠르고, 손님의 회전도 빠르다."
5,1달 전,"명동만두는 한국의 인기 있는 만두 전문점으로 많은 사람들에게 사랑받고 있습니다. 특히 야채와 고기의 맛이 제대로 느껴지는 것이 매력입니다.

점내의 분위기도 활기가 있어, 스탭도 친절합니다.바쁜 시간대에는 혼잡하는 일도 있습니다만, 그만큼, 타이밍을 일의 사이에 견해해, 꼭 방문해 보세요.

또, 명동 만두에서는, 한국의 전통적인 요리와의 편성도 즐길 수 있으므로, 다양한 맛을 즐길 수 있는 것이 기쁜 포인트입니다. 가게입니다."
5,1주 전,"이 위치의 정확한 위치는 여기에 없습니다. L7호텔과 세종호텔을 따라 메인 스트리트로 이전하였습니다.

패스트푸드로 간주됩니다. 음식을 받기 전에 결제를 하면 2~3분 안에 음식이 배달됩니다. 때로는 웨이트리스나 로봇에 의해.

면은 잘 삶아져서 여러 그릇을 미리 삶아도 너무 눅눅해지지 않습니다. 만두가 너무 맛있어요! 두 세트를 먹을 수 있는 여유가 있었으면 좋겠어요. 나는 다시 돌아올 것이다."
5,4주 전,"밖에서 보면 한 푼도 안 줄 텐데 안으로 들어갔어요. 작은 계단이 위층으로 연결됩니다. 한국인만요. 그들은 나에게 메뉴를 가져왔습니다. (종이에) 세 가지 요리 중에서 선택할 수 있습니다. 기다리고 기다려도 웨이터가 다가오지 않아서 손을 흔들면 바로 오셔서 주문을 하고, 한국말로 뭐라고 욕하시는 것 같은 말을 하십니다. 잠시 침묵이 흐르고 그는 돈을 지불하겠다고 손짓합니다. 나는 그것에 대해 조금 기분이 좋지 않습니다. ""여기서 외국인을 보고 선불금을 요구하는 것 같다""고 생각합니다.
직접 만든 만두와 라면을 주문합니다. 지금까지 먹어본 라비올리 중 최고. 감칠맛이 나는 국물에 푹 담근 라면!  그래서 앙코르를 주문하는 동안 줄을 서 있는 많은 사람들을 관찰하는 시간을 갖게 되었고, 테이블은 비어가고 금새 채워지고, 선불이 정상이고 나에게 비난처럼 보였던 것은 다름 아닌 정상적인 악센트였다는 것을 이해합니다. 혀의. 그 곳이 그대로 남아서 외국인들의 왕래가 거의 없었으면 좋겠습니다."
5,1달 전,"음식은 맛있었고 메뉴는 매우 제한적이었지만 음식은 훌륭했습니다. 국물은 너무 맛있고 마음이 따뜻해졌으며 깊이가 좋았고 국수는 탱탱하고 부드러웠습니다. 저는 개인적으로 만두를 정말 좋아했는데, 그건 어차피 만두를 평생 사랑했기 때문일 수도 있습니다. 육즙이 너무 많고 얇은 껍질과 풍미 가득한 속, 참기름 소스가 어우러져 향긋하고 풍미를 한층 더해 주는 것이 마음에 들었습니다. 김치가 듬뿍 들어간 냉면도 정말 사랑스럽고 상큼하면서도 든든한 한끼였습니다. 서비스는 매우 빠르고 효율적이었고 우리는 30분 이내에 그곳을 드나들 수 있었습니다."
5,1달 전,"미쉐린을 받은 레스토랑인데, 음식이 정말 훌륭해요. 메뉴는 딱 4가지에요. 주목할만한 맛으로 가득 찬 간단한 음식. 장소는 바쁘지만 서비스는 효율적이고 빠릅니다. 아래층에 주문기가 있어요. 각 음식마다 다른 색상의 티켓을 주문하고 지불하고 얻을 수 있습니다. 직원이 자리로 안내해 주며, 주문한 음식은 5분도 안 되어 도착합니다. 사이드 김치는 무제한입니다. 서울에 있을 때 특별한 필수품입니다."
4,2주 전,"아래는 영어

명동 지역에서는 칼국수와 만두가 유명한 곳입니다.
식당은 사람이 많고 식사시간에는 줄이 꽤 길지만 대기시간도 빨라서 15분 정도 기다려서 테이블이 잡혔습니다.
가격도 적당하고 면과 만두 모두 맛있고 입맛에 딱 맞습니다.
개요는 경험해야합니다!

…
명동에 있는 이 식당은 칼국수와 만두가 유명한 곳입니다.
사람도 많고 식사시간에도 줄이 길지만 대기시간은 짧아서 15분 정도만 기다렸어요.
가격도 적당하고 국수와 만두의 맛도 괜찮습니다.
전반적으로 시도해 볼 가치가 있습니다!"
4,2주 전,"염원의 명동만두🥟
여행으로 서울에 왔을 때는 언제나 가게 앞에 만들어진 장뱀의 줄에 무서워 들어간 적이 없었던 가게.
이번에는 오픈과 동시에 가서 나란히 입점할 수 있었다!
쫄깃한 국수의 칼국수와 껍질이 얇고 구이 가득한 만두(한국판 만두), 삐릿과 매운 김치.
이것은 명동 갈 때마다 가고 싶어진다.

※명동 만두는 먼저 회계 시스템이므로 주의하십시오 :)"
3,1주 전,"요약 3/5: 평균적인 음식, 패스트푸드 스타일 레스토랑. 음식이 제공되기 전에 결제하고 카드 결제도 가능합니다.

음식 3.5/5: 보통.
1. 더 교자(찐만두) 3.5/5: 만두는 중국식 만두와 비슷해서 딘타이펑 만두가 생각나는 맛이었습니다. 단지 크기가 더 크고 안에 국물이 들어 있지 않다는 것뿐입니다. 즉, 제 생각에는 미쉐린 등급이 아닙니다.
2. 콩국수 3/5: 콩국수는 진하고 짠맛과 단맛이 느껴지고 참깨 맛이 나서 풍미가 좋습니다. 국수는 아주 작은 오이 조각(거의 보이지 않음)이 들어 있는 녹색 소바와 같고 평범하고 간단한 채식 요리입니다. 큰 부분 크기. 미쉐린 등급도 아닙니다.

서비스 3/5: 이 Michelin Bid Gourmand 레스토랑은 많은 관광객을 끌어 모으고 있습니다. 우리가 여기에 왔을 때 우리는 1층 정문에서 줄을 서기 시작했습니다. 즉, 군중/교통 통제를 위해 입구에 직원 스테이션이 있어 대기 시간이 짧습니다. 4가지 요리만 제공되기 때문에 음식을 만드는 것도 매우 빠르게 제공됩니다.

환경 3/5: 매우 바쁜 레스토랑이므로 낯선 사람들과 테이블을 공유해야 합니다. 흥미로운 부분은 낯선 두 사람이 테이블을 공유하는 경우 사이에 나무 칸막이를 놓는 것입니다. 우리에게는 처음입니다."
5,3주 전,너무 우스꽝스럽고 사람이 너무 많습니다. 다행스럽게도 줄을서는 사람의 수는 미쉐린 추천과 동일합니다. 차가운 음식 2 개와 뜨거운 음식 2 개만 선택하는 것이 좋습니다. 그냥 뜨거운 면과 만두를 선택하세요. 가장 맛있는 것은 피클입니다. 저와 함께 손을 들고 큰 소리로 외쳐보세요. 누구세요?
5,1달 전,"우동이겠지요?라고 생각했지만, 정말로 맛있었습니다! 보고 시행착오하고 있었지만, 점점 진짜 맛을 잊어 왔다…."
5,2달 전,우리는 저녁시간에 방문했는데 운이 좋게도 바로 자리에 앉을 수 있었다. 우리가 갔을 땐 이미 줄이 엄청 길었어요. 장소는 더 깨끗할 수 있지만 직원은 매우 효율적입니다. 국수는 훌륭하지만 남은 음식(국수)은 집으로 가져갈 수 없으므로 주문할 부분에 주의하세요. 음식이 제공되기 전에 먼저 비용을 지불해야 하므로 시간 낭비를 피하기 위해 방문하기 전에 메뉴를 검토하는 것이 가장 좋습니다.
4,3달 전,"한국에 갈 때마다 반드시 먹고 싶어지는 맛.
항상 혼잡하지만 타이밍에 따라 나란히 넣는 일도 있습니다.

혼잡해도 회전이 빠르고 좌석수도 많아 인원수에 의해 안내되는 플로어를 나누고 있는 느낌이 듭니다.

자리에 안내되는 직전 바로 회계였으므로 메뉴를 생각해 두는 것이 좋습니다. 회계를 마치고 자리에 도착하면 몇 분도 하지 않고 요리가 옮겨져 왔습니다.

매회 칼국수와 만두를 부탁하지만 안정의 맛. 만두는 점유율이 좋다고 생각합니다.

마늘 효과가 있는 김치. 나에게는 신맛 있고 너무 힘들기 때문에 혼자서 먹는 것은 약하다. 칼국수에 넣고 맛변시킨 후 쪽이 먹기 쉬웠다."
5,3달 전,"완전 맛있어요!! 서울로 5일간 여행을 떠났는데 이것이 우리 여행 일정의 처음이자 마지막이었습니다. 우리는 메뉴의 4개 항목 중 3개를 시도했는데 제가 가장 좋아하는 것은 만두와 차가운 매운 국수였습니다. 심지어 김치도 맛있어요! 서비스가 빨라서 회전율도 빠르고 두 번 방문했을 때에도 줄을 설 필요가 없었습니다. 가격도 매우 합리적입니다. 매우 간단한 직원 및 프로세스, 주문-결제-먹기. 차가운 물을 제외하고는 다른 음료를 이용할 수 없습니다. 나는 신경 쓰지 않았고 빠른 회전율에 도움이 되었습니다. 반드시 시도해야 합니다."
5,3달 전,"아주 잘 조리된 전형적인 한국 요리 4가지만 제공하는 곳입니다. 대기 시간이 매우 길고, 입장하는 데 최소 30분이 소요되며, 공간이 매우 작고 테이블을 공유하는 경우가 많습니다.
음료수는 필요 없고 물만 있으면 됩니다.
전형적인 것을 시험해 볼 수 있는 추천 장소이며, 4가지 요리를 제외한 나머지 요리는 매우 실망스럽습니다."
5,2달 전,"4가지 메뉴를 제공하는 미쉐린 가이드 레스토랑(여름철에만 간장 국수 제공) 칼국수는 정말 진정 효과가 있었고 깨끗하지만 풍미 가득한 국물을 가지고 있었습니다. 만두도 맛있고 김치도 정말 맛있었어요.

식사 시간(최소 15분) 동안 줄을 서고 앉기 전에 주문할 준비를 하십시오. 음식이 15초 안에 도착합니다
웨이터가 미친 듯이 레스토랑에 가능한 한 빨리 들어오고 나갈 수 있도록 해주기 때문에 차분한 식사나 좋은 서비스를 기대하지 마세요. 줄이 짧으면 맛있는 식사지만 30분 이상은 기다리지 않을 것 같아요"
3,2달 전,"2인이 한 접시만 가져가면 못 먹습니다. 사람이 많고, 1층에 자리가 있는데도 3층까지 올라가서 먹게 됩니다.

편집: 저는 3명과 함께 돌아왔는데, 정상적으로 치료를 받으려면 4명이 필요한 것 같습니다. 교자가 좋기 때문에 안타깝습니다. 다만, 식당에 사람이 많아 시끄럽습니다."
3,2달 전,"레스토랑 외부는 올해 2024년을 포함해 지난 몇 년 동안 미쉐린이 인정한 간판으로 덮여 있다. 메뉴는 국수, 건면, 만두 3가지 뿐이다. 혼자 여행할 땐 낭비를 피하기 위해 국수 한 그릇밖에 주문할 수 없었는데 국수는 Q자 모양이고 국물은 찐하고 위에 올려진 다진 고기는 아주 맛있고 곁들여진 김치도 아주 매콤했어요. 국수에 넣어 국물을 더욱 겹겹이 만들었습니다. 하지만 기대가 클수록 실망도 커진다고 해야 할까요. 이 국수는 평범하다고 ​​생각조차 하지 않았습니다."
4,5달 전,"명동만두 명동교자 명동에는 2 개의 음식점이 있습니다.
식사는 딱 4가지 종류만 있어요
칼국수, 찐만두, 국수, 두유국수
본점은 명동역 8번출구에서 더 가깝습니다.
명동관광정보센터에서 가장 가까운 1호점

장소: 명동 만두집
주소: 서울시 중구 명동10길 29
교통 : 지하철 4호선 명동역 8번출구 도보 3분, 한차오 지도
영업시간: 10:30~21:00(월~일), 춘절 및 중추절 기간 휴무

민동 만두 메뉴에 라면은 꼭 먹어봐야 할 메뉴라고 들었어요.
하지만 내 생각엔 괜찮을 것 같아
저는 폭탄면을 더 좋아해요 ꕀ
면도 면이 내 입맛엔 너무 부드럽다
그런데 닭뼈를 듬뿍 넣어 만든 국물이 꽤 맛있네요.
다진 고기, 양파, 버섯, 애호박 등의 재료를 넣고 볶습니다
맛은 달콤하고 강하고 독특한 향이 납니다.
지금까지 한국 음식이 훌륭하다는 것을 알게 된 곳이기도 합니다.
'국물양념'과 '소스'가 모두 독특해요⟢
맛있는 음식의 비결ꕀ

알고보니 만두집이었는데 만두를 더 추가해야겠어요⟢
불평하는 부정적인 리뷰가 많이 있지만
하지만 결국 남의 말만 듣는 것은 공평하지 않은 것 같습니다.
말할 권리를 갖기 전에 직접 시도해 보아야 합니다.

만두는 우리 샤오롱바오랑 좀 비슷해요⟢
실제로 꽤 좋지만 놀랍지는 않습니다.
소스에 찍어먹으면 또 달라져요
전체 업그레이드

그런데 맛있는 대만 만두를 먹었어요
한국 만두는 개인적으로 괜찮아요.

개인적으로 국수는 정말 맛있는 것 같아요⟢⟢
음식이 나오자마자 A'Zhu의 어머니가 면을 자르는 것을 도와줄 것입니다.
한국 국수는 정말 맛있습니다.
너무 좋아요 ꕀ ˊ̱˂˃ˋ̱
아직까지 나쁜 맛을 본 적은 없어요⟢
이 국수는 달콤하고 매콤하며 걸쭉한 맛이 나요⟢
먹으면 먹을수록 입에서 매콤해지는 맛이 나요.ᐟ
정말 맛있게 먹네요.ᐟ
내 마음을 사로잡으세요⺣̤̬ .ᐟ

전반적으로 꽤 좋은 것 같아요.
실제로 한국에 왔어요
가격이 너무 착해요ꕀ
쇼핑하다 지치면 쉬면서 식사하는 것도 좋아요."
4,1달 전,7시 30분에 저녁 식사를 기다릴 필요가 없습니다. 만두는 껍질이 얇고 지방과 살코기가 적당하게 들어있어 맛있습니다. 면발도 맛있지만 면발이 너무 부드럽고 쫄깃쫄깃하고 김치도 맛있습니다. 자리도 많고 장사가 아주 잘 되더라구요.
4,3달 전,"혼자 방문입니다. 주말의 저녁 식사 시간대라고 하는 것도의 몹시 혼잡했습니다만, 좌석수가 많기 때문에 회전도 빨리, 거의 줄지 않고 착석할 수 있었습니다. 2인용의 작은 테이블에 충격을 세우는 상석이었습니다. 2~3품은 어떻게든 둘 수 있습니다만, 그 이상은 무리한 넓이입니다.

내가 들었을 때는 늘어선 때에 건네받은 메뉴를 보고 주문을 결정해, 착석전에 청산까지 끝내고 나서라고 하는 흐름으로, 착석 후 몇 분으로 배선. 가게 안의 분위기에 걸린 곳은 없고, 식당이라는 분위기이므로, 데이트에는 적합하지 않을 것입니다 (웃음).

만두(만두)는 10개 단위이므로 혼자 다른 사람과 함께 부탁하면 먹는 것이 힘들다(나는 남겼습니다). 국수와 함께 주문하는 것이 좋습니다. 나는 비빈 냉면과 함께. 가격도 저렴, 맛은 오랜 인기 가게만있어 틀림 없습니다."
5,1달 전,"대사관에 환전하러 간 뒤, 가는 길에 장갑과 ​​모자도 샀습니다. 가게는 눈에 띄지 않는 것 같은데 위층에는 사람이 너무 많아요. 저는 시그니처 칼국수를 주문했는데, 부드럽고 돼지고기 국수 맛이 났습니다. 만두는 정말 찐 만두인데 맛있고, 명동에 오면 꼭 먹어봐야 할 만두입니다.

24,000원
#맛있는만두
#명동음식"
5,4주 전,"MYEONGDONG KYOJA 명동교자 본점 - MICHELIN GUIDE RESTAURANT instagram🥟🍜🏆⭐️

명동교자 명동교자는 1966년부터 가족이 운영하는 곳입니다. 이 레스토랑은 메뉴에 4가지 항목만 제공하며 만두와 칼국수를 전문으로 합니다.

풍부한 역사를 자랑하는 이 식당은 미슐랭 빕 구르망에 선정된 이후 더욱 유명해졌습니다.

사내에서 직접 만든 시그니처 마늘이 듬뿍 들어간 김치를 포함해 따끈따끈한 교자를 맛보기 위해 매일 수많은 고객이 이곳으로 모여듭니다.

줄을 서서 구불구불하게 늘어서 있는 것은 위협적일 수 있지만 빠르게 움직이고 장소가 항상 윙윙거려 활기를 더해 편안한 음식을 위한 분위기 있는 식사 핫스팟이 됩니다.

칼국수 국수는 맛있었다. 국물이 아주 담백하면서도 맛이 좋았고 국물에 고기의 훈제 향이 느껴졌다. 손으로 자른 면발은 부드럽고 미끄러웠으며, 씹히는 양이 적당했습니다.

만두피는 크기가 넉넉하고 육즙이 가득 들어있습니다. 얇은 껍질은 반투명에 가까웠고 약간 큼직한 샤오롱바오 같았는데 가장 기억에 남는 건 고기의 양이었던 것 같아요.

Ps: 주소: 이 유명한 레스토랑은 실제로 명동 중심부에 2개의 매장이 있습니다(따라서 한 곳의 줄이 길면 언제든지 다른 곳을 방문할 수 있습니다. 두 곳은 매우 가깝습니다!)

* 서울시 중구 명동10길 8
* 서울시 중구 명동10길 29"
4,4달 전,"명동교자 본점 명동교자 본점

이 한식당은 메뉴가 4개 있는데, 2층부터 식당 앞까지 사람들이 길게 줄을 서 있는데, 줄이 엄청 빠르다. 너무 오래 기다리지 말고 3가지를 주문해 보세요.

잘게 썬 국수: 얇은 만두 5개에 돼지고기를 채운 부드러운 국수입니다. 수프는 은은한 향이 나고 맛이 괜찮습니다.
만두 : 샤오롱바오처럼 맛도 좋고 크기도 크다
콩국수: 이 요리에는 녹색 국수가 들어있습니다. 서빙할 때면을 잘라주십니다. 국물은 된장을 섞은 것입니다. 저는 이 그릇을 좋아해요. 한 번도 먹어본 적이 없어서 이상해요.

#이 가게는 맛있어요."
5,2달 전,"돼지고기 만두와 매운 냉면을 제공하는 매우 좋은 레스토랑입니다.

우리는 자리에 앉아 이용 가능한 3가지 요리 중에서 주문하고 미리 비용을 지불하면 요리가 테이블에 즉시 도착합니다.

초고속 서비스, 많은 사람들이 줄을 서서 기다리고 있습니다. 빠른 테이블 회전.

라비올리는 훌륭합니다!"
5,1달 전,"미쉐린으로 유명한 명동 맛집. 밖에는 항상 줄이 있지만 매우 빠르게 이동합니다. 레스토랑 자체가 매우 빠르게 움직이기 때문입니다. 2층에도 테이블이 많이 있어요. 직원은 주문 전체를 명확하게 설명할 필요도 없습니다. 중간에 주문을 받고, 기계에 넣고, 결제를 위해 카드를 가져가면, 짜잔! 너무 빨라서 웃기네요😅

음식은 맛있습니다. 지금까지 칼국수(특정 피라미드 모양의 만두가 들어간 만두), 비빔국수, 만두를 먹어봤는데 다 맛있었어요. 맵지 않아서 누구에게나 안전합니다(하지만 김치는 맵습니다).

여름에 콩국수 먹으러 또 갈게요.

칼국수와 만두에는 고기가 들어있습니다. 비빔국수와 콩국수에는 고기가 없습니다."
5,1달 전,훌륭한 음식. 나는 15년 전에 그녀를 왔고 품질은 좋아졌지만 더 좋아졌습니다. 세 가지 요리 중 하나만 선택할 수 있는 경우에는 항상 좋은 선택입니다. 매워서 먹고 싶지만 데울 때 딱 좋은 단맛의 조화입니다.
1,2주 전,싱가포르인의 관점에서 말씀드리겠습니다. 음식은 조금 실망스럽습니다. 특별하거나 맛이 있는 것은 없습니다. 어느 정도는 약간 혼합되어 있습니다. 만두 채우기가 너무 간단해요. 칼국수 국물은 밋밋합니다. 그들은 모두가 무언가 한 그릇을 주문해야 합니다. 면이 꽤 푸짐하니 면을 나눠 드세요.
5,2달 전,"서울에 올 때마다 꼭 가는 맛집이에요! 국수와 만두는 정말이 세상에서 벗어났습니다! 내가 의미하는 바를 정말로 이해하려면 맛을 봐야합니다.
시원하고 매콤한 녹색면이 정말정말 맛있어요😋"
4,4달 전,매우 인기 있고 바쁜 곳. 칼국수는 훌륭하고 김치도 무제한으로 제공됩니다. 내가 이상하게 생각한 점은 우리가 자리에 앉기 위해 줄을 서서 기다리는 동안 주문을 요청받고 바로 그 자리에서 요금이 청구된다는 것입니다. 유입되는 고객을 관리하기 위해 이렇게 하는 것 같지만 전체 식사 경험이 약간 긴장됩니다. 그래도 훌륭한 음식! :)
5,2달 전,"맛있고 풍부한 미쉐린 표준 음식.
레스토랑은 명동 산책로에 바로 위치해 있어 찾기가 매우 쉽습니다. 레스토랑 입점은 2024년까지 미쉐린 타이틀 연속이다.
서비스 직원은 빠르고 열정적이므로 너무 오래 기다릴 필요가 없습니다. 가격은 좀 높지만 맛은 맛있고 한번 먹어볼 가치가 있습니다.
레스토랑 공간은 그리 넓지 않지만 좌석이 좁지는 않습니다.
김치는 아주 맛있고 향이 좋으며 마늘이 많이 들어있습니다."
5,7달 전,"2017년부터 2024년까지 미쉐린 어워드를 수상했습니다.

정말 그렇게 좋은가요?

네 그렇습니다 !!

우리는 Knife Cut Soup Noodles에 놀랐습니다. 풍부한 국물, 쫄깃한 식감, 신선한 재료.

만두는 집에서 먹는 맛이 나더군요. 맛있고 자연스러운 충전재.

이 미쉐린 레스토랑에는 4가지 요리만 있지만 모두 맛있습니다!

냉면과 매운 국수는 약간의 맛이 있지만 시도해 볼 가치가 있습니다!

서비스는 매우 빠르고 완벽합니다.
일본라면 가게와 유사한 자동 판매기 티켓을 통해 주문합니다.

서울을 방문하는 모든 방문객이 꼭 들러야 할 맛집입니다."
3,2달 전,아버지의 추천으로 가족식사로 방문했습니다.  우리 모두는 닭고기 국물 수프와 만두를 먹었습니다.  수프와 만두는 훌륭했습니다.  면이 미지근해서 좀 더 따뜻하게 끓여줬으면 좋았을 텐데요.  마늘이 첨가된 것으로 알려진 김치는 서비스를 제공하지 않습니다. 단지 좋지 않습니다.  나는 이 곳이 미쉐린 등급을 받을 가치가 있다고 생각하지 않습니다.
5,1달 전,"이곳은 서울의 중심(명동)에서 매우 유명하고 바쁘고 맛있는 곳입니다
하지만 아무리 유명하고 미슐랭 스타를 받았음에도 불구하고 수입은 매우 빠릅니다.

메뉴는 딱 4가지에요.

주문할 때 테이블에서 결제하시면 됩니다.

김치와 물이 무료로 제공됩니다.

빨리 먹고 나가면 사교할 수 있는 곳이 아니다.

라면과 만두를 먹어봤는데 다 맛있었어요."
5,3달 전,"추석의 기간에 오후 2시에 두 사람이 가서 터무니없는 행렬이었기 때문에 한순간 그만두려고 생각했는데, 이것 또한 있을 수 없는 속도로 회전하고 순식간에 자리에 도착할 수 있다 네.
착석과 동시에 메뉴로 주문하고, 현금으로 선불. (카드도 사용할 수 있습니까?)

마늘이 온 스프의 칼국수와 반대로 담백한 만두로 맛있게 받았습니다!
배가 너무 많아서 많은 명동 포장마차는 아무것도 손을 뗄 수 없었습니다. . ."
5,3달 전,"저녁 6시에 3 명이 물었습니다 😊
행렬 없음! ️ 럭키! ️ 1층 입구 스탭의 지시로 3층에 주문, 💰 지불 후 자리에 안내
현지 드라이버 씨 추천 마늘 효과 김치는 작게 잘라 먹기 쉬운 ❣️
내 주문한 두유 소면 🍜은 온화하고 먹기 쉬웠습니다 ❣️
찐만두도 깔끔하고 맛있었습니다 ❣️
명동에 오면 절대 가고 싶은 가게입니다 ❣️

대접까지 한 ❣️"
5,4달 전,"서울에 있는 동안 경험한 최고의 레스토랑 중 하나이며 잘 운영되는 레스토랑입니다. 우리가 이 미슐랭 스타 레스토랑에 대해 어떻게 알게 되었는지 기억이 나지 않으며 여기서 식사를 계획할 때 약간 겁이 났지만 경험은 굉장했습니다. 예상대로 입장 줄이 있었습니다. Google은 최소 60분의 대기 시간을 표시했지만 우리 중 2명은 15분 이내에 자리에 앉았습니다.
자리에 가까워지자 메뉴가 주어졌습니다(메뉴에는 4개 항목만 있고 우리는 이미 무엇을 주문할지 조사하고 알고 있었습니다). 직원이 주문을 받고 결제를 요청했습니다. 우리는 주문한 후 자리에 앉았고, 음식은 5분 안에 테이블로 배달되었습니다.
정말 훌륭했어요!.
아내는 만두를 먹었고 나는 손으로 자른 국수를 먹었습니다.
우리는 식사를 완전히 즐겼습니다.
맛, 서비스, 분위기가 세계적 수준이었기 때문에 그들이 수상한 수많은 상은 그럴 자격이 있습니다."
5,1달 전,"서울의 번화한 명동 지역에 위치한 명동교자는 편안한 닭육수에 손수 만든 칼국수를 맛보기 위해 꼭 방문해야 할 곳입니다. 면은 부드럽고 쫄깃한 식감을 갖고 있으며, 국물은 담백하면서도 풍미가 좋습니다. 만두(만두)도 인기가 높습니다. 껍질은 얇고 속은 돼지고기와 야채로 채워져 있습니다. 빠른 서비스로 유명한 이 4층짜리 레스토랑은 현지인과 관광객 모두에게 오랫동안 사랑받는 레스토랑입니다."
5,5달 전,"여러 미슐랭 상을 받은 놀라운 곳. 음료는 없고 음식만 4코스로 정리! 15분이면 나가요. 트레이까지 모든 오래된 스타일이 로봇에 도착합니다! 훌륭한 음식을 저녁 식사로 1인당 10유로를 지출했습니다! 매우 빠른 서비스, 잊을 수 없는 환경이지만 패키지의 일부입니다."
5,1달 전,아주 좋지만 소처럼 몰려드는 느낌이 듭니다. 그들은 당신이 조금 서둘러 들어가서 자리를 찾은 다음 웨이터에게 주문하고 음식 비용을 즉시 지불하도록 합니다. 결국 당신은 음식을 얻고 끝내기 위해 약간 서두르게 됩니다. 나갈 때는 들어왔던 문이 아닌 건물 뒤쪽에서 나가세요. 아주 이상한 경험 😅
4,5달 전,"저희는 시그니처 메뉴인 만두와 칼국수, 매운냉면을 먹어보았습니다!

만두는 적당량의 다진 돼지고기가 들어있어 괜찮았습니다. 피부가 더 얇았으면 좋겠지만! 3.5/5

칼국수면은 쫄깃쫄깃하고 쫄깃한 식감이 너무 좋았어요. 국물에도 연기가 났습니다. 4/5

다진 돼지고기를 얹은 매콤한 냉면이 정말 마음에 들었습니다! 참을 수 없을 만큼 매운 정도는 아니었는데, 열기가 확 올라오더라구요! 4/5

그들은 돌아다니며 테이블마다 김치를 담았습니다. 김치는 정말 맛있었어요. 매콤하고 GARLIC 맛이 가득했습니다! ❤️🤪

전반적으로, 이 지역 근처에 있다면 시도해 볼 가치가 있습니다."
4,3달 전,"이쪽도 6년만.

칼국수와 만두를 주문.

메뉴는 3개 밖에 없고 1인 원 주문제입니다. 아마 주스와 알코올도 없을 것 같다.

끊임없이 손님이 오고 있어 항상 만석 상태였다. 부드러운 맛이므로 매운 것이 서투른 분도 먹을 수 있습니다. 점원은 일본어 말할 수 있으므로 안심입니다."
3,1달 전,"당신이 대만 사람이라면

이 매장을 건너뛸 수 있습니다.

전 세계 사람들이 다 그 사람보다 맛있어

아니면 지펑 찐만두

뭔가 집밥같은 맛이 나네요

줄을 서서 기다리시면 빠르게 매장에 입장하실 수 있습니다.

테이블 회전율이 엄청 빠르기 때문에

좌석이 엄청 꽉 차있어요! ! !

식사가 나오기 전에 먼저 주문하고 결제하세요

속도가 너무 빨라서 겁이 날 수도 있고 아마도 돈을 지불하게 될 것입니다.

곧 일이 생길 거예요

음식 맛은 매우 주관적이지만 대만과 정말 비교됩니다

대만 만두 진짜 맛있어요

관광객들은 다른 음식을 먹기 위해 배를 열어 두는 것이 좋습니다"
5,5달 전,"빠르게 이동하는 긴 대기열. 우리는 5분만에 자리에 앉았습니다. 메뉴는 딱 4가지. 음식은 맛있었지만 서울에서 먹었던 대부분의 다른 식사와 비교하면 눈에 띄지는 않았습니다.
진정한 맛과 가격 대비 가치를 위해 방문할 가치가 있습니다."
3,3달 전,"명동의 소박한 이 곳의 국수는 단연 돋보이는 곳입니다. 국물, 만두, 김치는 괜찮지만 그냥 먹기에 좋습니다. 입장하기 위한 대기열은 빠르게 움직이고 서비스도 빠릅니다. 비록 경계선상 무례하긴 하지만요. 그러니... 국수를 먹으러 가세요. 제가 미슐랭 스타를 받은 이유가 바로 이것이라고 생각합니다. 매너/예의는 식사와 함께 제공되지 않는다는 점을 명심하세요(적어도 오늘 제 경우에는 그렇지 않습니다)."
4,2주 전,"대기열에 놀라지 마세요. 기다릴만한 가치가 있습니다.
레스토랑에는 앉기 전에 비용을 지불하는 3~4가지 요리만 있습니다. 그들은 모두 매우 훌륭하고 신속하게 서비스를 제공하므로 줄도 매우 빠릅니다.
상당히 저렴하고 기다릴만한 가치가 있습니다.

우리는 그것을 매우 좋아했고 요리는 큽니다.
7시 30분쯤 일찍 가면 줄이 거의 없습니다."
5,3주 전,"사람이 많은 곳은 이유가 있다!

우리 가족과 나는 만두와 칼국수 국수를 먹으며 훌륭한 식사를 했습니다. 직원은 매우 신속하고 5인 가족을 수용했습니다. 미리 비용을 지불하면 잠시 후 로봇이 음식을 테이블로 배달해 줍니다.

만두 속이 꽉 차 있었고, 국수 국물이 마음을 편안하게 해주었습니다. 훌륭한 미쉐린 빕 구르망 점심 식사를 위해 이 레스토랑을 추천합니다."
4,2달 전,대기열이 있지만 적어도 2인 그룹의 경우 빠르게 움직입니다. 국수는 훌륭하고 편안했으며 국수 만두는 맛있었습니다. 하지만 저는 냉면이 더 맛있었어요. 정말 상쾌했습니다. 만두피는 속이 넉넉하게 들어있어 맛이 꽤 괜찮았습니다.
5,3달 전,"국수와 만두를 먹기 좋은 곳! 메뉴에는 기본적으로 3~4개의 국수 요리와 만두가 포함된 몇 가지 항목만 있습니다. 손으로 찢은 국수와 만두(10인분)로 유명합니다. 커플이 오면 하나씩 사와서 나눠먹으면 된다. 당신이 안으로 들어가면 그들은 가득 차 있지 않은 테이블에 다른 사람들과 함께 있는 것을 포함하여 공간이 있는 어느 곳에나 문자 그대로 당신을 앉힐 것입니다. 신용카드로 결제하실 수 있지만, 주문과 동시에 결제하셔야 합니다. 식사를 마친 후 일어나서 나가시면 됩니다. 점심시간이나 저녁시간에는 줄이 너무 길기 때문에 가지 마세요. 이곳은 이유가 있어서 매우 인기 있는 장소입니다."
5,5달 전,"미쉐린 어워드 2017-2024

과대광고할 가치가 있나요? 세상에 그래!

항상 대기열이 있지만 꽤 빨리 진행됩니다.  문 바로 안쪽에는 주문할 수 있는 기계가 있는데, 그 규칙은 1인당 1접시입니다.  운 좋게도 메뉴에 요리가 4개밖에 없기 때문에 어려운 결정은 아닙니다. 일단 비용을 지불하고 티켓을 받으면 일행 규모에 따라 다른 층으로 지정됩니다.  3인 이상은 엘리베이터를 타고 3층이나 4층으로 올라갑니다. 1~2인은 계단을 이용해 2층으로 갑니다.

물도 제공되고 음식도 몇 분 안에 도착해요!  매우 빠르고 효율적입니다.  만두는 맛있었고, 쇼의 주인공은 칼각수였습니다.  김치가 포함되어 있으며 무제한입니다.

매우 합리적인 가격의 음식, 좋은 품질 및 만족스러운 이곳을 잘못 판단할 수 없습니다!"
5,3달 전,"최근 서울 여행의 첫날, 나는 미쉐린 가이드 레스토랑에서 아침 식사를 하며 모험을 시작했다. 내 친구와 나는 아침 일찍 도착했고, 열성적인 음식 애호가들의 긴 줄을 맞이했습니다. 처음에는 험난한 광경에도 불구하고 레스토랑의 내부는 놀라울 정도로 넓었고, 2층으로 되어 있고 많은 손님들을 수용할 수 있는 좌석이 넉넉했습니다.

우리 테이블은 맛있고 생생한 맛이 가득한 유쾌한 요리로 장식되었습니다. 명동 지역의 누구에게나 진심으로 추천하는 잊을 수 없는 요리 경험이었습니다. 근처에 머물든 그냥 지나치든 이 레스토랑은 음식을 사랑하는 사람이라면 꼭 방문해야 할 곳입니다."
5,4달 전,메뉴에 단 4가지 항목만 있고 모두 맛있는 놀라운 전통 레스토랑입니다. 이 서비스는 속도와 효율성 면에서 타의 추종을 불허하며 주문 후 1분 이내에 서비스를 받았습니다. 가격도 음식의 질과 양에 비해 엄청나게 저렴합니다. 그만한 가치가 있습니다.
4,3달 전,"저렴한 Bib Gourmand 미쉐린 레스토랑. 쉽게 자리를 잡았지만 모든 것이 매우 빠르게 진행됩니다. 또한 음식이 도착하기 전에 비용을 지불해야 합니다. 가파른 계단을 올라가야 합니다.
선택할 수 있는 요리는 수프 3개, 만두 1개, 총 4가지입니다. 우리는 칼국수(만두와 쇠고기 국물을 넣은 국수)와 만두(만두)를 먹었습니다. 수프는 좋았지 만 나를 날려 버리지 않았습니다. 제가 적극 추천할 수 있는 만두는 매우 맛있었습니다!
전체적으로 간단히 식사하기에 좋은 레스토랑이지만 꼭 방문해야 하는 것은 아닙니다."
4,3달 전,"항상 만석의 명동 만두.
미슐랭 ☆ 있음.
단지 위생문제에 어려움이 있어 한국보건소로부터 지도를 받아 벌금을 지불했다고 합니다.
맛은 담백한 고기 가득한 찐만두. 10개들이로 2명으로 반씩으로 정확히 좋다.
그리고는 인기도 칼국수. 일본 우동 같은 국수입니다.
달콤한 담백한 수프, 일본에서 인스턴트 같은 맛의 수프이지만, 어딘가 그리운 맛.
이것이 어째서인지 매우 인기이며, 칼국수만 먹고 있는 한 분도 많습니다.
그리고는 더운 시기에 좋다, 차가운 수프의 콩국스. 이것은 먹은 적이 없지만, ↩️ 노리고 있습니다.
나란히 있지만 회전이 빨리 거의 기다리지 않습니다.
일본어는 통하지 않지만 메뉴를 가리키고 This one으로 OK. 맥주를 마시고 싶습니다만, 맥주는 없기 때문에 물로."
5,5달 전,"어제 점심 먹으러 방문했습니다.
확실히 방문할 가치가 있고 짧은 기다림이 필요합니다. 주문하고, 결제하고, 음식을 테이블까지 매우 빠르게 배달받을 수 있습니다. 장소는 혼잡합니다. 하지만 식사는 맛있습니다. 특히 만두는 맛있습니다."
5,7달 전,"8년 연속 미쉐린 빕구르망 음식 추천 입니다 ♥
나는 한국 명동에 여러 번 가봤습니다.
명동 만두를 처음 먹어보고 싶네요.
최근 리뷰를 확인했는데 특별히 부정적인 점은 발견되지 않았습니다.
사용해 볼 수 있는 기회를 주기로 결정했습니다
이름에 걸맞는 맛이 정말 느껴지죠? !

🍴칼국수 (KRW 11,000/NT$250 약)
🍴만두찜 (KRW 12,000/NT$ 270 정도)
🍴한국 냉면 (KRW 11,000/NT$250 약)
🍴두유국수 (KRW 12,000/NT$270 정도)

명동만두찜은 10개 들어있어요
피부가 상당히 얇은 맛이 납니다.
안에 들어있는 고기도 느끼하지 않아요.
식감은 사이오마이 속을 채운 만두피에 가까운 느낌이에요.
맛있긴 한데 대만 사람들한테는
별로 놀랍지 않을 수도 있어요 😂

오이, 흰깨, 매콤한 소스를 곁들인 한국식 냉면
약간 매콤한 소스가 흡수된 차갑고 탄력 있는 면
식사가 끝날 무렵에는 매운 맛이 나고 뒷맛이 남는 것을 발견했습니다.
매운 음식을 좋아하고 먹을 수 있다면
시도해 볼 수 있습니다.

https://www.popdaily.com.tw/forum/korea/1502138"
4,7달 전,"★이런 사람에게 추천★
• 한국에 왔지만 매운 음식을 먹을 수 없다.
• 미슐랭 스타와 함께 가고 싶다.
• 국수를 좋아!

2024/6 방문

저녁에 도착했기 때문에 거의 기다리지 않고 입점.
3층 자리에 안내되어 계단으로 올라간다.
(엘리베이터도 있습니다)

선불 시스템.

만두는 10개들이.
나오는 것이 빠르다.

김치도 따라온다.

너무 맛있을 것 같고, 기세 좋게 먹지만, 탁상의 특제 소스를 놓쳐 버린다.

맛있다."
5,3달 전,"2024/4/14방점
명동으로 유명한 만두가게에 방점
껍질은 쫄깃하고 맛있고 맛있었습니다.
완탄라면도 만두와 같은 가죽이 사용되고 있어 떡으로 맛있었다
한국이라고 하면 김치이지만 여기까지의 가게에서 좀처럼 맛있는 김치를 만날 수 없었고, 여기 가게의 김치는 매우 맛있었습니다. 매운 맛이 상당히 강했지만 마늘의 맛이 잘 어울리고 맛있었습니다."
5,2주 전,층별로 다른 인원수가 배정됩니다. 2인용 좌석은 줄이 가장 긴 반면 4인용 좌석은 매우 빠르게 테이블을 차지했습니다. 만두 정말 맛있어요
5,2달 전,"여기 칼국수 국수는 😍😍😍 스모키한 국물 맛과 놀라운 국수였습니다. 딱 적당한 양으로 부드러워요.  정말 대단해요. 적극 권장합니다. 혼자 국수 먹으러 여기에 올 것입니다.

만두는 맛있었지만 내 마음을 사로잡은 것은 없었습니다.

먼저 주문하고 결제하시면 됩니다. 음식이 정말 빨리 나오네요. 점심 군중을 이기기 위해 일찍 오십시오!"
5,3달 전,"와, 여기 사람들이 음식에 얼마나 신경을 쓰는지 정말 아실 겁니다. 메뉴에는 4~5가지 요리만 포함되어 있으며 모두 합리적인 가격과 믿을 수 없을 만큼 빠른 서비스를 제공합니다. 훌륭한 경험! 만두와 오이를 곁들인 냉면이 정말 맛있었어요."
4,5달 전,미슐랭을 획득하고 있는 명동 만두의 본점.명동에 가면 반드시 들르고 싶은 가게의 하나입니다. 의 오더로 먹으면 나오는 스타일이므로 회전은 꽤 빠릅니다.
5,3달 전,"내 인생 최고의 수프와 만두. 정말 좋은 곳, 서울에서 꼭 방문해야 할 곳입니다. 줄이 있지만 정말 빠르게 움직이고, 메뉴에는 4가지 항목만 있고 음료는 없습니다. 현금을 미리 준비하세요. 너무 맛있어서 2주에 걸쳐 4번 방문했습니다."
4,3달 전,이곳의 명성에 비해 대기 시간이 길지 않을까 걱정했지만 결국 바로 자리에 앉았고 주문한 지 몇 분 만에 음식이 도착했습니다. 매우 효율적입니다. 칼국수와 얼큰한 냉면 둘 다 정말 맛있었어요. 서울에 있을 때 꼭 들러볼 가치가 있습니다.
5,4달 전,"우리는 8월 말 주중 점심 먹으러 그곳에 갔었습니다.
대기시간도 없고 정말 맛있어요
나는 닭고기 국물(양파, 국수, 라비올리)을 먹었습니다. 정말 맛있고, 맛이 많아요.
우리는 빨리 서비스를 받았고, 가게 분위기도 “20분 안에 먹고 나가자” 정도였지만, 우리 쪽에서는 45분 동안 아무 문제 없이 머물렀다.
나는 추천합니다(그러나 미쉐린도 있으므로 잘못 갈 수는 없습니다)."
4,3달 전,"⭐︎24/9에 방문했습니다
・메뉴는 심플하게 4점만으로, 주류는 없습니다.
・서비스나 분위기의 장점이라고 하는 부분에서는 특별히 아무것도 없습니다만, 가격이 싼 일과 회전의 장점으로부터⭐︎4개로 하고 있습니다!

【행렬이 서투른 분에게】
요리 제공이 빠르고, 좌석 수가 많기 때문에 꽤 회전이 빠릅니다.
인기 가게이기 때문에 다소의 행렬은 항상 있는 전제는 됩니다만, 겨우 10분 정도 줄서 보면 어떻습니까?
꽤 진행한다고 생각하기 때문에, 진행 상태를 근거로 판단되어도 좋을까 생각합니다!"
5,4달 전,"손칼국수와 만두국도 맛있지만 냉면도 맛있으니까 다른 사람이랑 같이 먹어야지! 사람마다 다른 요리를 받아서 나눠먹을 수 있어요! 요청하시면 밥과 국수를 더 가져다 드립니다.
또한 필요한 만큼 김치를 리필해 드립니다."
5,2달 전,"서울 명동 만두 본점은 미쉐린이 추천할 정도로 인기가 많을 뿐만 아니라... 명동 만두는 줄이 긴 경우가 많습니다. 매장 내 메뉴는 1.칼국수, 2.만두, 3가지 뿐입니다. 두유국수와 4. 김치냉면! 해가 지나도 그 맛은 변하지 않습니다. 명동칼국수의 원조로 진한 국물의 국수와 만두가 유명합니다! 미쉐린 빕 구르망이 몇 년 연속 추천한 간편식은 정말 인상적이에요."
4,2달 전,"이 미슐랭 빕 구르망 레스토랑의 믿을 수 없을 만큼 좋은 음식. 국물이 진하고 고소하고 맛있었어요. 국수는 씹을 때 미끄러웠어요. 만두는 불법적으로 맛있었습니다. 우리가 저녁 늦게 도착했기 때문에 서비스와 분위기가 최고는 아니었고, 자리에 앉았지만 가능한 한 빨리 나가기를 원했습니다. 구글에서는 오후 9시에 문을 닫는다고 하는데 LAST ORDER는 8시 30분입니다! 그래서 많은 사람들이 돌아섰습니다!"
4,2달 전,"어쨌든 나란히 있었습니다. 한국어를 모르기 때문에, 나란히 있으면 갑자기 다른 곳으로 유도되었습니다.
뒤의 엘리베이터로 돌고 3층에 갈 수 있을까?
주문하고 10 초 정도로 나와 깜짝!
메뉴는 벽에 붙어 있습니다.
만두 부탁하면 먹을 수 없을 정도로 배가 팽창했습니다!"
5,2달 전,"명동교자(명동교자)는 1966년부터 가족이 운영하고 있는 곳입니다. 이 레스토랑은 만두와 국수 전문점으로 메뉴가 4가지밖에 없습니다. 그들의 만두는 속이 꽉 차 있고 정말 맛있습니다. 인기 있는 손칼국수 요리인 칼국수도 이곳의 특산품 중 하나입니다. 4월부터 10월 사이에 이 지역을 방문한다면 매운 국수는 꼭 먹어봐야 할 메뉴입니다. 매운맛과 감칠맛이 완벽하게 균형을 이루고 있습니다.

항상 줄이 있지만 꽤 빨리 움직입니다. 음식도 정말 빨리 나오네요. 주문할 때 지불해야합니다."
4,1달 전,"만두가 맛있다.우동은 느긋하게 맛있지 않지만, 수프는 좋은 맛."
5,3달 전,"명동 올 때마다 김치 땡기면, 찾는 곳.
국수랑 작은 간이 잘 밴 김치.

저는 한국인이고 명동에 올 때마다 가장 좋아하는 곳이에요. 매우 인기가 많은 레스토랑입니다. 음식이 빨리 나오고, 맛도 평준화된다. 김치는 매콤해서 국수와 잘 어울려요.

[ 팁, 면, 밥은 1회 무료 ] ❗️
국물에 밥을 넣고 김치와 함께 먹으면 아주 맛있습니다."
5,2달 전,"명동교자
유튜브에서 보고 드디어 가보았습니다
국물이 진짜 맛있네요
면도 리필 무료고
밥도 1회 무료입니다
만두랑 같이 먹었는데
전 리필 안해도 배불렸어요
만두의 고기향이 특이해서 맛있어요
나중에 비빔국수도 먹어보고 싶네요

Youtube에서보고 나서 마침내 먹어 보았습니다.
국물은 매우 맛있었습니다.
국수 대신 무료
쌀도 한 번 무료입니다.
만두와 함께 먹었다.
대신 없이 배고프고
만두의 고기 향기가 특이하고 맛있었습니다.
나중에 비빈도 먹고 싶습니다."
5,4달 전,"이 곳은 미슐랭 스타를 받을 자격이 충분히 있는 곳입니다. 몇 가지 항목만 포함된 간단한 메뉴가 아주 잘 완성되었습니다. 칼국수와 만두는 반드시 주문해야 하며, 매운 국수와 차가운 콩국수는 배가 든든하다면 시도해 볼 가치가 있습니다. 레스토랑은 항상 붐비므로 줄을 서서 기다려야 하지만 기다릴 가치가 있습니다!!"
4,5달 전,"메인 스트리트의 한쪽 동쪽에 있습니다. 한자 표기이므로 찾기 쉽습니다.
평일 11시 정도 가면 기다리지 않고 3층으로 안내되었습니다. 계단입니다.
메뉴 자체는 몇 점 밖에 없고, 점원이 결정할 때까지 떠나지 않으므로 즉결해 주세요. 칼국수와 만두의 주문입니다.
구글 렌즈로 번역하면 국수 한잔에 대해 밥 한잔 무료라고 쓰고 있습니다. 부족한 분은 부디. 착석 한 명당 반드시 면의 주문도 하지 않으면 안 되는 것 같습니다. 규칙은 다국어로 부탁하고 싶은 곳입니다.
몇 분만에 요리는 나옵니다만, 상상의… 라고 말할까 베타인 칼국수(조개의 깔끔한 계)와는 다릅니다. 조개 없음, 고기. 그래도 코테리가 아닙니다. 양도 적당히 있습니다. 보통 맛있습니다. 만두는 둥글고 이미지로 하면 小籠包에 가깝고 6개가 아니라 10개입니다. 이쪽도 구이가 아니라 찜입니다. 조금 맛이 얇을까 ...하지만 맛있습니다.
먹고 끝날 무렵에는 행렬이…
일찍 가서 여유롭게 들어가는 것을 추천합니다."
5,2달 전,"명동 지역에 계시다면, 목록에 꼭 포함되어야 할 한 레스토랑은 동네 최고의 교자를 제공하는 것으로 유명합니다. 현지인과 관광객 모두가 꼭 방문해야 할 명소입니다. 이곳의 교자는 완벽하게 손질된 섬세한 포장지 안에 고소한 고기와 야채가 듬뿍 들어있습니다. 씹을 때마다 부드러운 속살과 쫄깃한 겉면 사이에 풍미가 가득합니다.

하지만 이곳을 특별하게 만드는 것은 만두 뿐만이 아닙니다. 그들의 시그니처 칼컷 국수는 만두의 풍부함을 보완하는 가볍고 편안한 국물과 함께 제공됩니다."
4,3달 전,"음식은 나쁘지 않습니다.. 좋지만 훌륭하지는 않습니다. 평소와 같은 서비스는 친절하지 않습니다(우리 마을과 다릅니다).
음식은 4가지 선택이 있고, 각 메인 코스를 하나씩 주문해야 합니다."
5,3달 전,"와 이게 바로 이 리뷰가 작성된 2017년부터 2024년까지 미슐랭 스타를 받은 이유입니다 🤓
만두와 칼국수 전문점인데 요즘 국과 튀기지 않은 음식을 더 좋아하기 때문에 이곳이 제가 가장 좋아할 수 있는 곳이라는 걸 알게 됐어요 ☺️
만두도 너무 맛있고, 김치도 정말 맛있고, 다른 식당에서 먹어본 김치와는 달랐어요.
1인당 최소 1개의 요리를 주문해야 하므로 공유할 수 없다는 점을 명심하세요🤭
괜찮습니다. 다음 방문에는 만두와 국수를 꼭 주문하겠습니다 🙂"
5,5달 전,간판 메뉴의 만두와 칼국수를 주문. 수프는 담백하게 마시기 쉽습니다. 양이 많기 때문에 혼자 먹는다면 칼국수 일품으로 충분히 배가 가득합니다.
5,2달 전,"찐만두도 냉면도 맛있어요
김치는 마늘향이 나고 향긋하며 매콤해요."
5,7달 전,"메뉴는 국수 3종류와 만두의 심플한 내용입니다. . 메뉴가 곧 가지고 가 버렸는데도 어쩌면 그 밖에도 많이 메뉴 있을지도 모릅니다.
만두와 국수와 녹색 국수의 비빈 국수를 먹고 감격했습니다."
5,9달 전,"이번이 두 번째 방문입니다. 저는 제철 냉면 두유를 먹어보지 못했습니다. 이번에 드디어 먹어보게 되었는데, 굉장히 두껍고 좋네요.

선택할 수 있는 요리는 4가지뿐입니다. 대기 직원은 앉자마자 주문하고 즉시 결제하기를 기대합니다. 음식은 주문하자마자 바로 나오므로 배가 고프면 딱 좋습니다.

슈퍼마늘과 매콤한 김치가 모든 사람에게 어울리는 것은 아니지만, 만두찜과 정말 잘 어울립니다.

미쉐린 빕 구르망이라는 명성에 걸맞는 곳입니다."
5,4달 전,좋은 국수! 만두가 국수보다 더 맛있으니 꼭 주문하세요! 우리는 바쁜 시간에 가서 매우 혼잡했지만 좌석이 많으니 걱정하지 마세요. 그러나 상황이 다소 급할 수 있으며 웨이터는 음식이 제공되기 전에도 비용을 지불하도록 요청할 것입니다.
4,4달 전,면이 너무 부드러울 것 같은데 국물도 맛있고 웍맛도 나네요! 만두피가 얇고 고기도 듬뿍 들어있어서 나쁘지 않네요! 김치가 엄청 매워요! 만두와 딱!
5,3주 전,"1인당 한 가지 요리를 주문해야 하며, 음식을 나눠 먹을 수는 없습니다. 미쉐린 레스토랑답게 맛이 좋고, 만두 한 개 가격은 NT$350 정도입니다."
2,6달 전,"우동 같은 국수는 상냥한 맛이지만, 특히 ""맛있다""라고 말할 정도는 아니다. 만두【음식같은】 것도 육즙은 없고 일부러 줄지어서까지 먹을 정도는 아니다. 인기점이라고는 생각되지 않는다. 80% 일본인 손님으로 현지인은 없는 것이 끄덕인다."
5,4주 전,"맛있어요 파스타도 부드럽고 속재료도 맛있어요 모든 것이 신선하고 거대한 부분입니다. 미쉐린 레스토랑 치고는 가격과 품질이 타의 추종을 불허합니다.

일반적으로 대기열이 꽤 있지만 매우 빠르게 서비스를 제공합니다.  한 접시만으로도 충분히 배를 채울 수 있습니다. 칼국수를 주문하면 1인이 먹기에도 꽤 큰 그릇입니다. 그리고 만두를 주문할 경우 1인당 10~12인분 정도를 가져오세요. 적극 권장됩니다."
1,2달 전,서울에서 겪은 최악의 경험. 관광객이라는 이유만으로 다른 대우를 받는 것 같은 느낌이 들었습니다. 그들은 한국인에게 김치와 잘게 썬 고기를 무제한으로 제공했지만 나에게는 그렇지 않았습니다. 내가 물을 때마다 그들은 단지 NO라고 말했을 것입니다. 이는 완전히 불공평해 보였습니다. 또한 그들이 한국 여성에게 무엇을 제공했는지 사진도 첨부했습니다. 나는 식사를 마치지 못한 채 떠났다. 서비스가 좋지 않고 태도가 좋지 않기 때문에 다시는 방문하지 마십시오. 다른 관광객에게 이곳을 추천하지 않습니다. 그런데 가격이 확실히 비싸네요.
5,6달 전,"칼국수, 돼지고기 만두 등 매장 특산품만 판매하는 미슐랭 스타 식당입니다. 아침에 오픈했을 때 왔는데 벌써부터 줄을 서서 기다리고 있었습니다. 음식은 맛있었고 😋 서비스도 활발해서 꼭 추천합니다 👌"
3,5달 전,"개인적으로 만두는 껍질이 얇고 속이 넉넉해서 괜찮다고 생각하는데, 냉면과 완탕면은 둘 다 평범하고 저렴하지 않은 것 같아요."
5,5달 전,"일요일 오후 6시에 혼자서 내점.
빨리 넣었습니다.

이 시기밖에 먹을 수 없는 콩국수(두유 냉면 12000w)를 주문.

여기 선불 시스템입니다.

농후한 두유 스프에 김치를 곁들여, 과연 미슐랭점입니다.
김치는 대체 자유였다.

젓가락, 숟가락은 테이블 아래 서랍에 있습니다."
5,4달 전,칼국수 한 개와 만두 한 개만 먹다가 너무 맛있어서 다 비웠어요. 거의 터졌습니다. 유일한 문제는 좁은 식사 공간과 오랜 기다림입니다. 서울에 올 때마다 여기로 오세요. 앞으로도 자주 오겠습니다.
4,5달 전,"어쨌든 혼잡합니다.
메뉴는 4개만으로 회전은 빠릅니다.
나는 카르구구스와 만두 (친구와 공유)를 받았다. 둘 다 맛은 최고입니다.
반찬은 김치뿐이지만 나는 카르구구스의 중간에 넣고 맛이 변해서 먹었다. 이것도 맛있었습니다."
5,6달 전,"여름 한정의 찬 콩의 스프면의 콩국수를 받았습니다!이쪽은 칼국수가 매우 맛있는 유명점입니다만, 4월부터 10월까지의 한정으로 콩국수가 있습니다!
수프는 제대로 맛이 붙어 있어 맛있었습니다!만두는 언제까지나 맛있었기 때문에 부탁했다!"
5,6달 전,"미쉐린 레스토랑 치고는 괜찮은 가격입니다. 비록 줄이 조금 길었지만 우리는 꽤 빨리 입장했습니다.
서비스는 효과적이고 간단한 메뉴였지만 모든 음식이 맛있고 가격도 합리적이었습니다."
5,4달 전,매우 기이한 레스토랑. 요리는 4가지 뿐이지만 훌륭합니다. 직원들은 친절하지만 매일 처리하는 고객의 양 때문에 조금 성급한 편입니다. 여기를 지나가면 꼭 시도해 볼 가치가 있습니다.
5,7달 전,"만두

가죽은 얇게하면서 모찌하고 있어, 야채의 맛을 느끼고, 고기의 고트와 느낌도 좋다. 개인적으로 매우 맛있는

완탄 누들
완탄은 쫄깃한 식감으로, 국수도 똑같이 쫄깃한 식감으로 조화성도 있어 맛있다

I highly would rate it 4.4 out of 5."
3,2달 전,"이 레스토랑은 소셜 미디어에서 화제가 되어서 한번 먹어보고 싶었습니다. 도착하자마자 나와 내 가족은 불쾌한 얼굴로 인사를 받았고 말 그대로 3층으로 올라가라고 소리쳤습니다. 우리는 웨이터에게 음식을 주문했고, 주문한 후 웨이터는 선불로 돈을 내라고 했고, 돈을 받으라고 손짓했지만 위아래로 흔들면서 '지금 결제하세요'라고 말했습니다. 그녀의 말이 너무 많은 것은 용서할 수 있겠지만 그 몸짓은 용서할 수 없었습니다. 음식은 내 취향은 아니었지만(어쩌면 서비스가 형편없기 때문일 수도 있음) 엄마는 맛있게 드시는 것 같았습니다. 전반적으로 고객을 향한 서비스는 개선될 수 있다고 생각하지만, 한국에서 식사하면서 경험한 것 중 최고가 아니기 때문에 여기로 다시 돌아오지는 않을 것입니다. (더 친절한 서비스를 제공하는 더 좋은 레스토랑이 있습니다.)"
3,3달 전,"미쉐린 평점으로 유명한 만두와 국수를 먹어보려고 했을 때 정말 신났어요. 그러나 제 생각에는 그것은 단지 평균이었습니다. 수프 맛은 괜찮습니다. '와우' 요소는 없습니다. 하지만 만두는 시도해 볼 가치가 있습니다. 김치는 남들이 말하는 것처럼 마늘 맛이 나고 모든 사람이 먹을 수는 없습니다. 마늘 맛이 압도적인 것 같아요 😅

전반적으로 이곳에서 한 번 경험해 보고 싶지만 다시는 돌아오지 않을 것입니다."
5,5달 전,"우리는 평일 정오에 갔는데, 줄은 현관앞까지 있었고, 3층에는 3인 이상 좌석이 있었지만 15분쯤 지나서야 앉을 수 있었다. (처음 2층은 2명 이하만 이용할 수 있었습니다.)

메뉴가 4개뿐인데 4개 다 질려서 다 맘에 들었어요 하하.

간장국수(흰 국물에 녹색 국수)는 차가운 음식인데, 매운 국수와 김치를 먹고 나니 정말 잘 어울리는 것 같았습니다. 국수와 만두 모두 맛있었어요. 모든 일이 빠르게 진행되었고, 앉기 전에 주문하고, 식사 전에 지불했습니다.

점심 먹으러 한국 직장인들이 많이 오는 걸 봤는데, 가격도 적당하고 서비스도 빨랐기 때문인 것 같아요. 실제로 우리는 15분 만에 돈을 내고, 자리에 앉고, 음식을 내고, 다 먹었습니다 😂. 정말 좋았어요."
4,4달 전,"아마 한국에서 가장 저렴한 미쉐린 레스토랑이 아닐까요! 매장 내 메뉴는 딱 4가지 뿐인데, 역시 이 4가지에 집중하면 아주 퀄리티 높은 음식이 나올 것 같아요! 제가 주문한 두유냉면은 좀 더 독특하니 꼭 드셔보세요. 레스토랑은 규모가 크지만 손님이 많고 좌석 공간이 협소합니다.
아마도 한국에서 가장 저렴한 미쉐린 레스토랑일 거예요! 물론, 이 4가지 요리를 하면 음식의 질이 훨씬 높아질 거예요! 레스토랑은 크지만 손님이 많고 좌석 공간이 좁습니다."
4,5달 전,"유명한 칼국수와 만두의 가게입니다.
행렬 각오로 갔습니다만 우연히 3명이었기 때문에인지 3층에 직접 가는 계단에 안내되어 곧바로 앉을 수 있었습니다.
메뉴를 결정하고 주문하고 먼저 지불을 마칩니다. 모두 앉은 채 점원이 와서 대응해줍니다.
점내는 잔잔하게 붐비고 있습니다.
요리도 맛있게 후추 등 두고있어 맛 변하거나하면서 즐길 수 있습니다.
외형보다 깔끔하고 매우 맛있습니다."
3,1달 전,줄이 없을 때 왔는데 바로 서버가 별로 좋지 않았습니다. 나는 실수로 웨이트리스에게 잘못된 쪽지를 건넸고(저는 호주 출신이고 오늘 이곳에 온 첫날이었습니다) 그녀는 그것에 대해 매우 무례하고 거만한 태도를 보였습니다. 나는 꽤 좋았지만 솔직히 과대 광고 가치가 있는 칼구스크를 주문했습니다. 전체 경험이 정말 급하게 느껴졌습니다. 한 번 와서 시도해 보는 것이 좋지만 다시는 돌아오지 않을 것입니다.
4,3달 전,"일찍 와서 줄을 서세요. 이곳은 거대하고 빠르게 움직입니다. 나는 그들의 메뉴가 매우 작은 것을 좋아합니다. 그래서 그들이 그들의 기술을 완벽하게 만들었다는 것을 알 수 있습니다. 그러나 나는 이것이 내가 이 도시에서 먹어본 것 중 최고는 아니라고 말하고 싶습니다. 그러나 그것은 여전히 ​​​​매우 맛있고 맛있었습니다. 미슐랭 가이드에 맞는지 확실하지 않지만, 관광객을 위한 가이드라면 왜 안 되겠습니까? 물건이 많은 곳에 편리하게 위치하고 있으며 역에서 멀지 않고 동쪽으로 접근이 용이합니다. 내 ig를 확인하여 더 나은 것이 어디에 있는지 알아보세요. 서울에서 최고입니다. @beardeatsworld"
1,3달 전,"아즈마의 태도도 최악, 빨리 먹고 나와 서둘러지는 느낌. 선불이기 때문에 회전율 중시의 가게. 김치는 너무 괴롭고 거의 떠났다. 단지 매운 것만으로 맛있지 않았다.
메인 칼국수는 콩소메 맛의 미지근한 국수. 맛과 요금 맞지 않아 너무 높다. 만두도 매우 보통. 한국 어디에서 먹어도 같은 맛. 관광객 상대의 높은 요금. 이것으로 미슐랭이란 솔직히 꽉. 한국 외에 맛있는 가게가 많이 있으므로 리피는하지 않습니다.
추가
이물 혼입 사건 알고 한층 더 시들었습니다! 다시 가지 마라!"
4,5달 전,"식사 시간에는 약 15분 정도의 대기 시간을 예상해야 합니다. 사람이 많아 식사 대기 시간을 피하기 위해 입장 시 주문이 이루어집니다.

샤오롱바오는 중국식은 아닌데 굉장히 부드럽습니다.

면은 무제한이고 맛에 딱 맞습니다!"
5,2달 전,이곳에 대한 추천이 너무 많아서 여기로 갔습니다. 메뉴는 4개만 제공됩니다. 나에게 최고의 메뉴는 칼국수이다. 1인분의 양이 꽤 크네요.
4,5달 전,미슐랭 스타를 받은 레스토랑이 인기가 높습니다. 제가 여기 왔을 때 줄을 서서 기다리는 사람들이 많았어요. 식사는 기계에서 미리 구매해야 하며(영어 메뉴 있음) 몇 가지 옵션만 있습니다. 그런 다음 웨이트리스는 2개의 다른 줄로 안내할 것입니다. 2개 이하의 줄은 계단을 따라 매우 긴 줄을 서서 기다려야 합니다(30분 정도 기다린 것 같습니다). 4인 일행인 경우 웨이트리스는 웨이팅이 없는 아래층 테이블로 안내해 드립니다. 이것이 왜 의미가 있는지는 모르겠지만 그것이 그들이 굴러간 방식입니다. 국수는 맛있지만 미슐랭 스타를 위한 것이라면 기다릴지 모르겠습니다. 전체 식사 가격은 미화 10달러 미만입니다. 만약에 서울을 다시 방문할 시간이 있고 우연히 그 지역에 가게 된다면 다시 시도해 볼 수도 있을 것 같습니다.
4,4달 전,"4개의 메뉴만이지만, 꽤 인기가게.
명동만두는 껍질이 얇은 주걱 만두에 가깝다. 국수는 따뜻한 것이 상냥한 맛으로 매운 차가운 면은 다소 매운지만 일본인에서도 먹을 수 있는 맛. 착석해 주문한 시점에서 사전 결제하는 형식."
5,4달 전,행렬점이지만 회전이 좋다고 생각합니다. 칼국수와 만두가 메인이므로 주문하자마자 요리가 도착합니다. 일요일 12시에 대기는 약 20분이었습니다.
3,2달 전,"음식은 좋았고, 엄청나게 좋지는 않았지만 좋은 음식이었습니다. 확실히 식당 분위기가 마음에 들지 않았습니다. 서비스는 무례하고 공격적입니다. 레스토랑에 들어가는 순간 가능한 한 빨리 살기 위해 달려가기 때문입니다. 말 그대로 레스토랑에서 보낸 시간은 45분도 채 안 됐어요."
4,5달 전,혼잡하지만 효율적입니다. 국수는 흥미로웠다. .. 녹두 국수. 4가지 항목 메뉴를 마스터한 것은 분명하지만 선택 항목은 독특합니다. 만두는 클래식합니다.
4,6달 전,"명동 만두 본점에 방문.

이곳의 레스토랑은 항상 만석입니다.
칼국수가 유명하고 만두도 주문할 수 있습니다.

서비스로 받을 수 있는 김치는 조금 매운맛으로 마늘이 매우 잘 듣고 있습니다."
4,7달 전,"여기도 소-와 줄지어 있었다!!
하지만 어떻게든 자리에 통해 주문!!
만두라는 이름의 이것은 거의 만두!!
국수는 모두 맛있습니다 맛 ‼
유일하게 국물 없는 냉면같은 만큼 매운 🔥

돌아갈 때는 놀랄 정도의 대행렬!!

명동 만두에 여러 국수로
네, 우승~♪♪♪

※
여기는 1인 1품 묻지 않으면 안 되니까 주의⚠️"
5,2달 전,AS 및 CS에서 권장합니다. 메뉴는 딱 3가지. 주문할 때 지불하세요. 효율적인 좋은 음식. 칼국수 맛이 아주 익숙하네요
3,3주 전,직원들은 고객을 떼처럼 밀었습니다. 내가 찾은 음식은 매우 평범합니다. 만두는 뜨거울 때는 맛있었지만 추워지면 무거워지더라구요. 그 후 만두는 siewmai 같은 느낌이 듭니다.
4,4달 전,"관광객뿐만 아니라, 현지 손님도 많은 유명점.메뉴는 4 종류의 깨끗함으로 회전도 빠르다."
4,7달 전,"아침밥에 방문. 과연 미슐랭 게재, 유명한 가게로, 개점 전부터 즐거운 행렬.
둥글고 귀여운 만두도 국수가 매끄러운 칼국수도 너무 맛있었습니다. 칼국수에 들어있는 완탕도 맛.
양은 꽤 많았기 때문에, 이 뚜껑 접시를 여자 3명으로 나누어 먹어 딱이었습니다.
많은 손님을 잘 다루는 점원에게도 반해 반해."
4,2주 전,"맛있는 음식, 매우 제한된 메뉴가 좋은 것 같습니다. 대기열이 빠르게 진행됩니다. 미쉐린 추천할만한 가치가 있나요? 확실하지 않음"
5,6달 전,항상 여기서 먹어야 할 것! 면과 만두 맛이 끝내줍니다. 아이들은 내 말에 동의하고 모든 것을 후루룩 마시고 있었습니다! 메뉴와 음식의 4개 항목만 빠르고 뜨겁게 제공되었습니다. 주문 즉시 비용을 지불해야 하며 서비스 직원은 매우 효율적입니다.
4,5달 전,"한국의 휴일. 음식에 관한 것인 줄 아시죠? 메뉴에는 4가지 옵션만 있습니다. 나는 불타오르는 다진 국수를 먹었다아아아아🔥. 안에 만두가 더 맛있더라구요. 매우 바빠서 아마도 다른 사람들과 테이블을 공유해야 할 것입니다. 주문하고, 먹기 전에 결제하세요(벽면에 영어로 된 표지판도 보일 거예요). 음식은 로봇 진공청소기로 도착하고요. 그런 다음 식사를 하시면 됩니다. 테이블 위에는 물, 소스, 냅킨 등 모든 것이 있습니다. 루키 프로 팁 - 숟가락과 젓가락은 테이블 서랍에 있습니다. 내가 한 일을 하지 말고 직원 전체가 숟가락을 찾으라고 신호를 보내세요. 🤷🤷‍♀️🤦‍♀️

맛있어요! 마음껏 먹고 즐기세요! 🥢"
3,3달 전,"***큐에 대해 걱정하지 마십시오. 내부에 공간이 많이 있습니다***
명동교자는 현재 주요 관광명소로 개장 전부터 30명의 줄을 서서 기다리고 있는 모습을 볼 수 있습니다. 칼국수를 주문했어요. 국수와 국물은 나에게 딱 맞았다. 이 요리에서 제가 가장 좋아하는 부분은 변시만두였습니다. 기다림 없이 더 나은 음식을 제공하는 명동 관광 지역 외에는 확실히 더 나은 대안이 있습니다.

칼국수 : 7/10
만두: 7.5/10
냉면: 6/10"
2,3일 전,"다른 사람도 쓰고 있지만, 점원의 옆모습인 태도로 입점한 것을 후회조차 하게 되었다."
5,8달 전,오후 2시쯤 늦은 점심 시간에도 긴 줄이 있습니다. 1~2명 줄은 레스토랑 앞쪽에 있고 그 이상일 경우 뒤쪽에 줄을 서야 합니다! 확실히 기다릴 가치가 있으며 외국인뿐만 아니라 현지인도 많이 볼 수 있습니다. 간단한 메뉴로 미리 결제하고 자리에 앉으세요. 음식은 매우 빨리 나옵니다. 물 외에는 음료가 없습니다. 놀라운 국물과 맛있는 만두!
5,3달 전,"면발은 좀 부드럽더라구요
국물이 꽤 괜찮네요
찐 만두는 껍질이 얇은 샤오롱바오 맛이 나요
하지만 속이 꽉 차있어서
간장과 함께 먹어도 맛있어요😋"
5,2달 전,훌륭한 음식 - 관광객이 혼자 방문하면 조금 겁이 날 수 있습니다(그리고 한국어를 할 수 없습니다😆. 방금 웨이트리스 중 한 명을 불러서 제가 원했던 요리 사진을 보여줬습니다. 놀라운 리필 가능한 김치. 훌륭해요 두루두루 경험해보세요.
4,1달 전,베스트셀러인 시그니처 푸드를 선택하세요. 많이 생각할 필요가 없습니다 :) 매우 혼잡합니다.
5,1달 전,"훌륭한 음식, 과대광고와 명성에 부응합니다. 하지만 우리를 서빙한 여직원은 약간 무례했고 테이블은 우리 4명이 앉기에 꽤 작았습니다.

만두, 칼국수, 매운 국수를 드세요."
1,5달 전,"이게 무슨 형편없는 서비스인가요? 제 기기에 문제가 있어서 아직 세부사항을 받지 못했는데 계속 문의해주시네요.
아래층 기계가 나오지 않아서 아래층 직원이 서명된 쪽지를 가지고 우리에게 건넸습니다. 검은 옷에 짧은 머리에 안경을 쓴 3층 남자는 자기 직원들도 믿지 않았습니다. 그가 우리에게 원하는 것이 무엇인지 마침내 그는 ""시바, 응""이라고 말했습니다. 우리가 한국어를 이해하지 못하면 어떻게 되나요?
나는 결코 그런 태도로 돌아오지 않을 것이다. 그것은 전혀 미쉐린이 아니다.
음식은 괜찮아요
하지만 이런 태도를 취하는 것은 충분히 맛있지 않습니다 =="
5,5달 전,"변하지 않는 맛. 안정의 맛.
국수 추가, 밥 무료입니다.
대인기의 가게입니다.
껌 서비스가 사라졌습니다."
4,7달 전,"우리는 즉시 자리에 앉았고 줄을 설 필요가 없었습니다. 음식도 몇 분 안에 제공되었습니다. 식당은 꽉 차 있었고 주로 현지인들로 가득 차 있었습니다.

우리는 유명한 만두와 국수를 주문했습니다. 음식은 맛있었지만 개인적으로 별로 칭찬할 점은 없었습니다. 그래도 시도해 보니 기쁘네요!"
5,6달 전,"미쉐린 가이드에서 빕구르망을 받은 레스토랑이라 꼭 먹어보고 싶었어요. 저는 언니와 함께 가서 비빔국수와 만두 두 가지 요리를 주문했습니다.

매콤한 비빔면 요리인 비빔국수는 여름에 특히 인기가 높습니다. 기분이 상쾌해졌고, 정말 마음에 들었습니다. 많이 맵지는 않았어요.

돼지고기 만두인 만두는 포장이 매우 얇아서 맛이 훌륭했습니다. 나는 그들에게 10점 만점에 10점을 주고 싶습니다.

이 식당에서는 선불로 결제를 해야 하는데, 빠른 테이블 회전을 보장하는 아주 좋은 시스템이라고 생각합니다.

다시 돌아올 기회가 있다면 꼭 이 식당으로 돌아올 것입니다."
4,3달 전,"식당의 인기로 인해 비좁은 테이블에서 식사를 해야 하는 것은 아쉬웠습니다. 음식은 맛있었지만 주변의 소음 때문에 제대로 즐길 수 없었습니다. 처음 오픈했을 때의 여유로운 분위기가 그리워요. 이곳이 보수 공사로 인해 폐쇄된다는 소식을 들었습니다. 단, 다른 지점에서도 동일한 요리가 제공됩니다."
5,7달 전,"2017년부터 미쉐린 가이드에 등재된 만큼 정말 가치 있는 일입니다. 정말 맛있는 칼국수 국수를 제공하는 한국 최고의 레스토랑이었습니다!

줄을 피하려면 6시 30분 이전에 오세요. 하지만 메뉴가 4개뿐이고 주문 시 결제하기 때문에 빨리 진행됩니다.

맛있는 음식을 제공하는 또 다른 지점이 길 아래에 있습니다!"
2,1주 전,"맛은 매우 보통입니다 모두가 늘어서 있기 때문에, 얼마나 맛있는 것이라고 생각했습니다만, 기대했던 것일까. 하게 된 신점포에 가도록(듯이) 촉구됩니다. 하지만, 신점포의 푸드 코트와 같은, 식당 같은 느낌으로 분위기는 좋지 않습니다. ."
5,3달 전,"명동의 유명한 미쉐린 레스토랑. 저는 칼국수보다 교자를 더 좋아해요

칼국수가 맛없다는 뜻은 아니다. 그것은 좋았다. 두 요리 모두 시도해 볼 가치가 있습니다."
5,7달 전,"매장 오픈 전부터 사람들이 줄을 서고 있다
정말 사람이 많아요
식사배달이 엄청빠르네요
국수는 먹고 나면 매운 느낌이 듭니다.
면발이 엄청 쫄깃쫄깃하고 쫄깃쫄깃해요
김치가 매워요
만두 속에 들어있는 고기가 꽤 통통해요"
3,5달 전,"선불 시스템에서 처음 지불하는 명료 회계. 메뉴는 심플, 우동, 소면, 냉면, 만두만.

늘어선 정도도 아니고, 보통의 만두와 우동 같은 맛.

미슐랭 같지만, 정말 보통."
5,1달 전,"1년 반만에 가격이 조금 올랐지만 맛은 여전히 ​​좋아요😋
이 레스토랑에서는 3가지 종류의 음식만 제공합니다.
우리는 만두와 국수를 먹었습니다.
김치 포함해서 둘 다 맛있어요."
4,7달 전,"다른 사람과 테이블을 공유하는 것을 꺼리지 않는 한 혼자 식사하기에 적합합니다. 메뉴가 몇개밖에 없어서 선택하기 힘든 분들에게 딱이었어요. 기본으로 제공되는 김치는 내 입맛엔 너무 매웠다. 만두는 맛도 좋고 식감도 좋았는데, 식사를 하고 나면 저녁 내내 갈증이 나더라구요..."
4,9달 전,"명동지역에 있는 명동교자는 7년 연속 미쉐린상을 수상한 곳이에요. 식사시간이면 줄을 서서 기다려야 할 수도 있어요. 하지만 다른 시간이라면 기다림이 길지 않을 수도 있습니다. 혼자 오시면 빨리 자리잡으실 수 있어요. 칼국수 메뉴도 맛도 좋고, 면발도 맛있고, 가게에서 주는 김치도 맛있습니다. 민첩하지 않습니다. 약간 쓰고 맵습니다. 만두 메뉴가 맛있네요. 들러서 먹어볼 수도 있습니다."
5,11달 전,"국물에 면이 따뜻해서 추운 겨울 몸을 풀어주기에 너무 좋았습니다.

만두는 부드럽고 육즙이 풍부하며, 재료가 가득 들어있어 한입 먹을 때마다 행복한 미소가 지어졌습니다.

김치는 너무 맛있었지만 감히 도전하지 않는 한 매우 매웠습니다.

적극 권장"
5,9달 전,"명동에서 식사라면 가는 편이 좋다고 진행된 명동만두.
가게에 도착하면 긴 뱀의 열. 기다릴까라고 생각하면 대단한 회전이 빠르다고 좌석수가 많기 때문에 5분도 기다리지 않고 입점.
메뉴는 만두(찜)와, 닭고기와 완탄이 탄 우동, 죽이 있었습니다만, 거기까지 배고프지 않았기 때문에, 딸과 둘이서 만두와 우동을 하나씩 공유하는 것에. 주문과 선회계를 하고 나서 자리에 붙으면, 2분 정도로 요리가 옮겨져 왔습니다.
둘 다 먹고 깜짝. 엄청 맛있었습니다. 유감이었던 것은, 이렇게 맛있는 만두인데 맥주 등 알코올을 즐길 수 없는 것. 정말로 식사만을 하는 가게였습니다. 만두는 부추가 강하게 짠 닭고기의 팥소가 매우 맛있고, 우동은 일본에서는 별로 체험이 없는 국물이 효과가 있어 펀치가 든 스프였기 때문에, 우동이라기보다 라면을 먹고 있는 기분.
이것은 한국에 재래하는 것이 있으면 반드시 한 번 더 가고 싶네요.

맛있었습니다.
대접이었습니다."
4,9달 전,"한국 미슐랭에서 비브글루만을 계속 잡고 있는 가게
언제 가도 행렬하고 있지만 의외로 빨리 먹을 수 있습니다.
우동은 수프가 매우 맛있고, 밥을 부탁해 먹고 있는 사람도 있었습니다.
만두는 오고리포와 구운 만두의 어린 아이 같은 느낌으로 이것도 맛있었습니다."
4,8달 전,"실제로 몇 년 연속 미쉐린을 받은 식당입니다. 가격은 충격적이지만 명동 만두는 겉모습은 샤오롱바오와 비슷하고 껍질은 아주 다릅니다. 얇지도, 두껍지도 않고, 씹으면 육즙이 뿜어져 나옵니다!
친구가 주문한 깍두기 국물이 꽤 괜찮았는데 면 자체가 좀 부드러워서 괜찮았고 만두도 맛있었어요!
셀프서비스에서 주문시 신용카드로 결제하시고 2층으로 올라가서 식사하세요!"
5,11달 전,"처음으로 5인 그룹(성인 2명, 10세 미만 어린이 3명)으로 그곳에 갔으며 우리는 1인당 요리 1개를 주문해야 했습니다. 3가지 요리만 이용 가능하며 3가지 선택 항목 중 5인분을 주문해야 했습니다. 결국 저희는 국수 2개, 매운 국수 1개, 만두 2개를 주문했습니다... 국수도 너무 맛있고, 매운 국수도 so² & 만두는 마늘 소스와 함께 먹으면 맛있습니다.

점심시간에 갔더니 사람이 엄청 많았는데 운이 좋게도 테이블이 꽤 빨리 차더라구요.

돌아오려면? 물론, 만두와 국수 수프를 위해서요."
5,7달 전,"매우 맛있었습니다.
메뉴는 국수 3개, 만두 1개 4개밖에 없었습니다.
쌀도 있지만, 어떻게 주문해야할지 몰랐습니다.
먼저 회계하는 시스템입니다.
먹고 끝나면 그대로 퇴점합니다.

다음 번 도한하면 다시 가고 싶습니다."
5,2달 전,"줄을 서지 않고 거의 바로 자리에 앉았습니다. 맛있는 국수와 만두, 가격대비 좋습니다! 해당 지역에 있다면 시도해 보는 것이 좋습니다."
5,6달 전,"저희가 식사시간쯤 방문해서 대기시간이 좀 있었습니다. 우리는 약 5분 정도 기다렸다가 자리에 앉았습니다. 장소는 꽉 차 있으며 3층으로 이루어져 있어 많은 손님들을 수용할 수 있습니다.

나는 칼국수를 좋아하고 더 즐겼을 것이지만 김치를 먹은 후에는 내 입맛을 압도했습니다. 김치는 엄청나게 매워서 내가 맛볼 수 있는 유일한 것이었다. 수프는 놀랍습니다. 더 많이 즐기기 위해 꼭 다시 올 것입니다.

냉면/콩국수는 디저트 맛이 나고, 진하고 차가운 육수에 고소한 맛이 났습니다. 여름에 확실히 즐길 수 있고 획득한 맛이 될 수 있는 것입니다. 이것을 건너뛸 수 있습니다.

만두 만두는 폭탄이었습니다! 우리는 2인분을 먹었는데 더 먹고 싶었습니다. 칼국수와 만두를 선택하고 김치는 생략하세요.

또한, 식사가 끝나면 바로 자리를 떠나 다른 손님들을 위해 자리를 마련하세요.

우리는 성인 6명과 어린이 2명으로 구성된 그룹에 약 68KRW 또는 약 PHP3K를 지출했습니다."
2,5달 전,"속도감 넘치는 식당. 음식은 매우 무뚝뚝해서 병원 음식과 비슷합니다.

갈지 말지, 그리고 기다릴 만한 가치가 있는지 고민하고 있다면 그렇지 않을 가능성이 높습니다. 하지만 닭고기 국물을 좋아하고 흥미로운 음식에서 잠시 휴식을 취하고 싶다면 어쩌면 좋을 수도 있습니다…"
5,1달 전,"친구에게 추천되어 방문했습니다만, 대단한 행렬로 깜짝!
그렇지만, 회전율이 높은지 점점 진행 10분이나 15분으로 안에 넣었습니다.전원 모아서 줄을 서는 것을 추천합니다.
또, 혼잡하는 시간에 따라서는 대인원수는 뒷문쪽에 늘어서도록(듯이) 지시되고 있었습니다.
자리에 도착하자마자 메뉴에서 선택하고, 그 때 현금으로 먼저 지불합니다.
테이블 서랍에 젓가락 등이 들어있어 테이블 위에 조미료가있었습니다.
요리도 곧 나오고, 찹쌀떡으로 맛있었습니다.
김치는 본고장이기 때문에 상당히 매운 것이었습니다.
인기 가게인 것도 아는 맛입니다."
4,7달 전,"필링 맛은 예전에 먹어본 맛과 똑같지만, 겉모습은 만두랑 별 상관이 없습니다. 찜통 자체가 플라스틱으로 되어있어서 신기한 디자인이에요. 게다가 면발의 맛도 아주 대만스럽네요. 하지만 면도칼도 똑같지 않아요🤣"
4,11달 전,반찬과 김치는 매우 매콤하고 국수는 국물이 좋지만 국수는 질감이 없습니다. 이에 비해 국수 만두는 재료가 풍부하고 피부가 얇습니다. 사람도 많고 장사도 잘되요. 서비스 직원분들이 많이 불안해 보이셨어요~
4,10달 전,"줄을 서서 기다릴 필요가 없어서 운이 좋았지만 오랫동안 줄을 서야 한다면 그렇게 과대광고할 가치가 없을 것입니다.

그들은 4가지 요리만 제공하며 웨이터 직원이 주문을 받을 때 선불로 비용을 지불합니다.

2개는 냉면이에요. 우리는 냉면을 매우 즐겼고 만두도 괜찮았습니다. 따뜻한 국수는 훌륭하지 않았지만 불평할 것은 없었습니다.

나쁘지 않아요! 좋은 가격."
5,1년 전,"칼국수와 속이 꽉 찬 만두가 일품! 매년 수상하는 미슐랭 스타에 걸맞은 곳입니다.

매우 저렴한 가격으로 이러한 진미를 즐길 수 있다는 특권이 있어서 우리는 이곳을 몇 번 방문하게 되었습니다.

그들은 매우 효율적인 상점을 운영하고 있으며 가장 오래 기다리는 시간은 테이블을 얻는 것이지만 일단 자리에 앉으면 주문 후 1분 이내에 음식이 제공됩니다!"
1,1주 전,"이 레스토랑의 식사 경험은 실망스러웠습니다. 특히 미슐랭 평판을 고려하면 더욱 그렇습니다. 면은 식감이 훌륭했지만 국물이 너무 짜서 요리를 압도하여 즐기기가 어려웠습니다. 이러한 맛의 불균형은 예상치 못한 일이었고 식사의 맛을 크게 저하시켰습니다.

또한 이 서비스는 미쉐린이 인정한 식당에서 기대할 수 있는 표준을 충족하지 못했습니다. 검은 옷을 입은 한 여성 직원은 눈에 띄게 무뚝뚝하고 식사하는 사람들의 요구에 무관심한 것처럼 보였습니다. 이러한 따뜻함과 전문성의 부족은 전반적인 경험을 더욱 감소시켰습니다.

레스토랑의 높은 평가를 고려하여 요리 품질과 고객 서비스 모두 더 높은 수준을 기대했습니다. 불행하게도 이번 방문은 이러한 기대에 미치지 못했습니다. 나는 레스토랑이 그러한 피드백을 진지하게 받아들여 서비스를 개선하고 칭찬과 관련된 표준을 더 잘 반영하기를 바랍니다."
4,2주 전,훌륭한 만두와 국수. 미쉐린 가이드에서 추천한 곳이라 분주해요. 음식은 맛있지만 선불을 요구하고 거스름돈을 돌려주는 것을 잊어버릴 수도 있으므로 주의해야 합니다.
4,7달 전,"한국에서의 첫 식사. 실제로 IG에서 이곳에 대한 게시물을 찾았는데 제가 수프를 좋아하는데 왜 안 되겠습니까? 파트너와 함께 나눠먹는 양이 너무 많아서 혼자 먹는다면 수프를 다 먹지 못할 것입니다.

긴 하루를 보내고 도시를 돌아다니느라 지쳤다면 이 곳은 맛있고 풍성한 음식을 제공합니다."
3,9달 전,"매우 인기가 있다는 것으로 가 보았습니다. 맛은 기대가 너무 크고,,, 보통.
저녁에 갔기 때문에 기다리지 않고 앉을 수 있었지만 거의 만석이었습니다.
선불로 기다리지 않고 식사는 옮겨졌습니다. 과연 혼자서는 볼륨이 있었습니다만 인기의 2품을 먹을 수 있었던 것에 만족.
다른 분들도 말하고 있습니다만 김치가 괴롭다! !
일본에서 먹는 감각으로 입에 넣으면 놀랄지도"
4,4달 전,"이 장소가 왜 그렇게 과대 광고인지 모르겠습니다. 음식은 맛있지만 다른 비슷한 곳보다 더 나은 것은 아닙니다. 옵션은 4가지뿐이고, 적어도 3가지 옵션은 돼지고기를 사용하는 것입니다. 채식주의자에게는 추천하지 않습니다.
항상 바쁘기 때문에 서비스를 기대하지 마세요. 그들은 고객에 대한 아늑함과 관심을 희생하면서 효율적으로 최대한 많은 고객에게 서비스를 제공하려고 노력합니다. 나는 그 장소를 추천하지 않을 것이다."
3,11달 전,"#명동만두
명동에는 미슐랭 스타 레스토랑 2곳이 급성장 중이다. 한식 만두와 국수 전문점입니다.
면과 국물은 단단면의 질감을 갖고 있으며, 면은 부드러워서 부드러운 면을 좋아하는 미식가에게 적합합니다.
만두는 마치 시오마이를 먹는 것처럼 통통하고 속이 가득 들어있습니다.

#명동만두
#주소🏠：대한민국 서울 중구 명동10길 29
#영업시간⏰：10:30~20:30

Korea #koreafood #seoultrip #seoulrestaurant #koreafood #seoul #seoultrip #한국 #한국음식 #seoulfood #dumplings #dumplings #면#noodles

혼자 여행하는 사람에게는 친절하지 않고, 공간이 협소하여 빨리 떠나라는 느낌이 듭니다. 위치가 혼잡하고 테이블 상판 전체가 매우 작다는 점에서 미쉐린은 이러한 단점을 지적해야 합니다."
5,1년 전,"👍:
-꼭 가봐야 할 곳! 이 가게는 2017년부터 2023년까지 매년 미쉐린 빕 구르망을 수상하고 있습니다!
-사이드 브랜치와 메인 브랜치가 있는데, 메인 브랜치 자체로 오시는 것을 추천합니다. 레스토랑에도 보통 줄이 있습니다.
- 여기서는 4가지 요리만 이용할 수 있습니다. 시그니처 메뉴인 잘게 썬 국수는 향긋하고 마늘 향이 가득합니다. 꼭 주문해야 하는 상품입니다.
- 매운면은 초록색 면이 재미있는데, 매운 음식을 잘 먹는 사람에게도 살짝 매콤한 맛이에요.
-물은 무료이며 테이블마다 제공됩니다.

👎:
-아무것도 아님! 나는 그것을 좋아했다!"
4,1주 전,"명동만두가 유명하다고 들었습니다 🥟
점원의 분은 일본인 익숙한 분이 많아, 일본어로 설명해 주십니다.
주문하고 요리가 도착할 때까지, 1~2분으로 엄청 빠릅니다!!!!ww
양이 가득하고 대만족이었습니다."
5,5달 전,"두 번째 방문인데 이번에는 모든 요리를 맛볼 수 있었습니다.  가장 좋은 것은 여전히 ​​만두와 칼국수이지만 다른 두 개도 좋았습니다. 11시 반쯤 도착했는데 몇 분 정도만 기다려야 했어요. 빠르게 움직이는 작업이며 서버가 지속적으로 이동하고 있습니다.

우리가 갔을 땐 줄이 꽤 길었어요. 서울에 갈 때마다 여기 올게요"
5,1달 전,"서울에 올 때마다 방문합니다.
이 맛은 버릇이된다! 마늘이 달린 수프와 매운 김치가 최고입니다.
상당히 볼륨 큰, 칼국수는 알 수 있습니다. 금요일의 14:30경이었지만, 줄지어 있었다. 10분 정도로 넣었습니다."
3,8달 전,"1. 국수는 생각보다 기름기가 너무 많았습니다.
2. 매콤한 건면 - 생다진마늘이 너무 많아요! 국수 마늘을 먹는 줄 알았어요!
3. 만두는 사실 맛있었지만, 특별하다거나 특별하다는 느낌은 못 받았어요.
4. 모든 음식은 약 5분 이내에 준비되었습니다. 레스토랑에 사람이 많아서(앉을 때까지 기다려야 함) 제가 주문한 모든 음식이 확실히 미리 준비되어 있었던 것 같아요.
5. 장소가 너무 붐비기 때문에 서비스를 받을 수 없습니다.
6. 많은 사람들과 나는 가능한 한 빨리 식사를 끝내려고 노력했습니다.
개인적으로는 더 합리적인 가격에 좋은 음식을 제공하는 곳이 많다고 생각합니다."
5,5달 전,"오후 4시대에 늘어놓지 않아도 넣었습니다.
자국민으로 가득했습니다. 무엇을 부탁해도 좋을지도 모르고, 메뉴와 주위의 자리를 바라보고 여러분이 먹고 있는 것을 부탁했습니다. 모두 맛있었습니다."
5,1년 전,"《주문한 메뉴》
◆한국 수타 우동
◆찜만두(10개)
항상 행렬을 할 수있는 가게이지만, 이 날은 시간대가
좋았던 것이 기다리지 않고 바로 넣었습니다!
메뉴를 받고 요리를 부탁하고 돈을 선불합니다.

만두는 고기가 꽉 채워져 고기 육성,
마늘이 꽤 효과가 있고 맛있는 ◎
칼국수는 부드러운 국수처럼 부드럽고 끈적 거리고 있습니다.
수프도 매우 맛있었습니다 ☺️
김치는 익숙하지 않은 사람에게는 힘들지도 💦"
5,1년 전,"메뉴에는 단 4가지 요리가 있습니다. 겨울에는 3가지 요리가 있습니다. 돼지고기 국수, 얼큰한 콩국수, 여름 냉국수, 만두가 있습니다.
겨울에 3개 먹었는데 다 맛있더라구요. 이곳은 주요 야시장 쇼핑 지역 한가운데에 있기 때문에 매우 혼잡합니다. 직원은 빠르지만 짧지만 얼마나 바쁜지 보면 이해가 될 것입니다.
회전율을 높이기 위해 테이블에서 주문할 때 비용을 지불합니다.
각 그릇은 맛있고 포만감이 있으며, 만두는 두 사람이 나누어 먹을 수 있는 훌륭한 사이드 메뉴입니다. 매콤한 김치와 함께 먹으면 정말 저렴한 가격에 훌륭한 식사가 됩니다.
솔직히 미슐랭 스타 레스토랑인데 가격이 너무 저렴해서 놀랐어요.
일찍 도착하거나 기다릴 준비를 하세요."
5,1달 전,2회째의 한국 여행으로 명동 만두 먹고 싶어서 갔습니다.
3,9달 전,"간단한 4코스 메뉴로 미쉐린 가이드에 등재된 바레토(Bareto).

육수에 고기와 만두 2개를 넣은 국수, 김치를 넣은 냉면, 만두 그리고 기억이 안 나는 또 하나 ☺️.

내가 방문했을 때 우리는 따뜻한 국수와 차가운 국수를 시험해 보았습니다. 줄을 설 필요도 없었고 가격은 2인 기준 22,000원(€15+-)입니다.

다시 갈까요? 아니요, 당신이 그 지역에 있고 국수와 함께 좋은 국물을 좋아한다면 당신에게 맞을 것입니다."
1,1달 전,"만두와 국수를 먹으러 왔는데, 각 사람이 국수 한 세트를 주문해야 한다고 들었습니다. 사람도 많고 테이블 사이도 좁고. 여자 직원은 우리를 나쁜 태도로 대합니다. (우리가 외국인이기 때문일까요?) 옆 테이블도 외국인이라 서비스에 불만이 많다고 들었습니다.

저와 친구들은 정말 실망했습니다. 국수와 만두 모두 매우 과대평가되었습니다. 미슐랭 스타 레스토랑이라면 맛과 서비스가 더 좋아질 것이라고 기대했습니다.
확실히 다시는 돌아 가지 않을 것입니다."
5,2년 전,"미쉐린 빕구르망 가이드에 있는 건 알지만 만두국수가 너무 맛있어서 놀랐어요! 국물도 맛있었고, 중간에 다진고기가 한 숟갈 크게 들어있어 비벼먹을 수 있다. 면발은 식감이 훌륭하고 만두도 맛있긴 했지만 고기가 과하지 않아서 맛있었다. 만두국수에 딱 원하는 것입니다. 만두국수 기준으로 보면 이곳이 꽤 상위권에 가깝습니다. 따뜻하고 풍성한 식사.

서비스는 그다지 칭찬할 만한 것이 아니지만 단체 및 개인 식사를 제공하는 곳입니다. 4인용 테이블을 플라스틱 판으로 개별 좌석으로 나누었습니다."
3,1달 전,"앞쪽이 맛있었습니다.
오랜만 지나서 잊어 버렸어~
완탕이 끓여지지 않았다
로봇이 요리를 옮기거나 식기를 낮추고있었습니다.
껌의 서비스가 사라졌습니다."
4,8달 전,"온면과 냉면과 만두를 부탁했습니다.
만두는 육즙이 매우 맛있었습니다.
온면은 심플한 맛으로, 냉면은 진한 맛으로 매우 맛있었습니다.
내보내는 김치는 입안이 치솟는 매운 맛이었지만 현지 언니는 고맙습니다."
5,8달 전,"만두는 맛있지만 국수는 괜찮아요...

만두에는 야채가 많고 육즙이 풍부하며 좌석 배치가 매우 효율적이므로 꽤 짜증납니다."
5,1년 전,"맛있긴 한데 미슐랭 스타는 아니네요 :)
아무튼 심플한 메뉴가 맘에 드네요. 음식은 주문 후 몇 분 안에 나옵니다.
우리는 오후 7시 15분쯤(마지막 주문 오후 8시 30분)에 왔고 테이블이 있기까지 5분 정도 기다렸습니다. 일단 자리에 앉으면 일이 정말 빨리 진행되기 때문에 여기에 머물 것이라고 계획하지 마십시오."
5,1년 전,"소셜 미디어를 통해 이 장소를 발견했는데 인기가 많았습니다! 물론 우리는 모든 것을 시험해 봐야 했고 제가 가장 좋아하는 것은 만두였습니다. 놀랍게도 입장하는 데 줄이 길었지만 단 몇 분 만에 줄이 바뀌었습니다. 장소가 너무 거대하고 빠른 서비스를 제공합니다.

사람이 붐비는 장소를 좋아하지 않는다면 추천하지 않지만 꼭 이 장소를 시험해 보시기 바랍니다!

모든 요리가 맛있었고 오늘의 첫 식사로 정말 좋았습니다!"
4,1년 전,"우리는 오후 7시쯤 거기에 갔는데 줄이 있었지만 매우 빠르게 이동했습니다.

메뉴는 4가지 다른 요리를 제공했는데, 음식은 훌륭하지만 아주 특별하지는 않습니다."
